,id,Type.of.change,ind_reopen,zip_short,ind_closure,year_close_online,id_nostate,type,year_close_20tm,year_close_hcris,year_close_combined,year,prvdr_num,fyb,fybstr,fye,fyestr,status,hospital_name,street_addr,po_box,city,state,zip_code,county,ime1,ime2,ime3,dsh1,dsh2,dsh3,dshpct,gme_part_a,gme_part_b,beds,bed_days,medicare_days,medicaid_days,days,intres,employees,volunteers,medicare_disch,medicaid_disch,discharges,medicaid_hmo_discharges,medicaid_hmo_ipf_subprovider,medicaid_hmo_irf_subprovider,medicaid_ipf_subprovider,medicaid_irf_subprovider,total_discharges_subprovider_ipf,total_discharges_subprovider_irf,hsanum,hrrnum
1,10009,Close,0,35640,1,2012,9,STAC,NA,NA,2012,2011,10009,2/1/2011,1-Feb-11,1/31/2012,31-Jan-12,Reopened,HARTSELLE MEDICAL CENTER                ,201 PINE STREET NW                      ,,HARTSELLE                               ,AL                                      ,35640-                                  ,MORGAN                                  ,NA,NA,NA,175131,NA,NA,0.06409999728,NA,NA,130,47450,2148,293,3153,NA,108.3700027,NA,572,104,967,NA,NA,NA,5,NA,378,NA,1049,1
2,10015,Close,0,36784,1,2011,15,STAC,NA,NA,2011,2011,10015,4/1/2011,1-Apr-11,8/15/2011,15-Aug-11,Settled,SOUTHWEST ALABAMA MEDICAL CENTER        ,33400 HIGHWAY 43 NORTH                  ,,THOMASVILLE                             ,AL                                      ,36784-                                  ,CLARKE                                  ,NA,NA,NA,9767,NA,NA,0.02889999934,NA,NA,27,3699,295,NA,592,NA,75.02999878,NA,92,30,204,NA,NA,NA,NA,NA,NA,NA,1080,6
3,10027,Close,0,36323,1,2013,27,STAC,NA,NA,2013,2012,10027,7/1/2012,1-Jul-12,2/4/2013,4-Feb-13,As Submitted,ELBA GENERAL HOSPITAL                   ,987 DRAYTON STREET                      ,,ELBA                                    ,AL                                      ,35323,COFFEE                                  ,NA,NA,NA,12764,NA,NA,0.1203999966,NA,NA,20,4380,99,16,164,NA,89.40000153,NA,28,7,46,NA,NA,NA,NA,NA,NA,NA,1027,2
4,10043,Close,0,35045,1,2012,43,STAC,NA,NA,2012,2011,10043,7/1/2011,1-Jul-11,6/30/2012,30-Jun-12,Reopened,CHILTON MEDICAL CENTER                  ,1010 LAY DAM ROAD                       ,,CLANTON                                 ,AL                                      ,35045-                                  ,CHILTON                                 ,NA,NA,NA,58213,NA,NA,0.05339999869,NA,NA,27,9882,1189,129,2541,NA,121.1399994,NA,214,41,538,NA,NA,NA,NA,NA,NA,NA,1001,1
5,10064,Close,0,35234,1,2008,64,STAC,NA,NA,2008,2008,10064,1/1/2008,1-Jan-08,10/30/2008,30-Oct-08,As Submitted,PHYSICIANS-CARRAWAY MEDICAL CENTER      ,1600 CARRAWAY BOULEVARD                 ,,BIRMINGHAM                              ,AL                                      ,35234,JEFFERSON                               ,NA,2232851,NA,1052131,NA,NA,NA,1278706,186321,185,56240,9966,NA,23479,NA,749,NA,1732,306,3805,NA,NA,NA,NA,NA,NA,NA,1011,1
6,10066,Close,0,36442,1,2013,66,STAC,NA,NA,2013,2012,10066,7/1/2012,1-Jul-12,6/30/2013,30-Jun-13,Settled,FLORALA COMMUNITY HOSPITAL              ,515 EAST 5TH AVENUE                     ,,FLORALA                                 ,AL                                      ,36442,COVINGTON                               ,NA,NA,NA,27656,NA,NA,0.1199999973,NA,NA,22,8030,229,22,316,NA,35.11000061,NA,63,9,99,NA,NA,NA,NA,NA,NA,NA,1035,134
7,10098,NA,0,36274,1,2011,98,STAC,NA,NA,2011,2006,10098,10/1/2005,1-Oct-05,1/3/2006,3-Jan-06,Reopened,RANDOLPH COUNTY HOSPITAL                ,1000 WADLEY HIGHWAY                     ,669,ROANOKE                                 ,AL                                      ,36274,RANDOLPH                                ,NA,NA,NA,60478,NA,NA,NA,NA,NA,49,4361,455,NA,590,NA,82.26999664,NA,143,95,238,NA,NA,NA,NA,NA,NA,NA,1072,1
8,10137,"Close, later reopen",1,35233,1,2004,137,STAC,NA,NA,2004,2012,10137,10/1/2011,1-Oct-11,9/30/2012,30-Sep-12,As Submitted,COOPER GREEN MERCY HOSPITAL             ,1515 SIXTH AVENUE SOUTH                 ,,BIRMINGHAM                              ,AL                                      ,35233,JEFFERSON                               ,55245,NA,NA,384237,NA,NA,0.4494000077,111732,74964,149,54385,792,6456,12741,25,650.1500244,NA,153,1783,2488,NA,NA,NA,NA,NA,62,NA,1011,1
9,10143,Close,0,35055,1,2009,143,STAC,NA,NA,2009,2009,10143,10/1/2008,1-Oct-08,7/14/2009,14-Jul-09,Reopened,WOODLAND MEDICAL CENTER                 ,1910 CHEROKEE AVENUE                    ,,CULLMAN                                 ,AL                                      ,35505,CULLMAN                                 ,NA,NA,NA,272655,NA,NA,NA,NA,NA,50,14350,2963,NA,4222,NA,123.7699966,NA,647,111,1133,NA,NA,NA,NA,NA,NA,NA,1022,1
10,10152,Close,0,36693,1,2012,152,STAC,NA,NA,2012,2012,10152,4/1/2012,1-Apr-12,10/31/2012,31-Oct-12,Settled,INFIRMARY WEST                          ,5600 GIRBY ROAD                         ,144,MOBILE                                  ,AL                                      ,36693-                                  ,MOBILE                                  ,40262,NA,NA,146128,NA,NA,0.0971999988,103767,40790,124,26536,1175,481,3944,4.449999809,129,NA,250,111,900,NA,NA,NA,NA,NA,NA,NA,1057,6
11,30017,Close,0,85201,1,2008,17,STAC,NA,NA,2008,2008,30017,10/1/2007,1-Oct-07,5/31/2008,31-May-08,Settled,MESA GENERAL HOSPITAL                   ,515 MESA DRIVE                          ,,MESA                                    ,AZ                                      ,85201,MARICOPA                                ,NA,NA,NA,2691564,NA,NA,NA,21962,3234,107,26108,2847,NA,10958,NA,314.6300049,NA,781,2057,3807,NA,NA,NA,NA,NA,NA,NA,3016,11
12,30018,Close,0,85201,1,2005,18,STAC,NA,NA,2005,2007,30018,1/1/2007,1-Jan-07,9/18/2007,18-Sep-07,Settled,MESA LUTHERAN                           ,525 WEST BROWN ROAD                     ,,MESA                                    ,AZ                                      ,85201,MARICOPA                                ,NA,NA,NA,1135454,NA,NA,NA,NA,NA,258,67338,5044,NA,22900,NA,546.3099976,NA,1059,1607,6107,NA,NA,NA,NA,NA,NA,NA,3016,11
13,30100,"Close, moved",1,85704,1,2012,100,STAC,NA,NA,2012,2012,30100,10/1/2011,1-Oct-11,6/30/2012,30-Jun-12,Reopened,CARONDELET HEART AND VASCULAR INSTIT    ,4888 NORTH STONE DRIVE                  ,,TUCSON                                  ,AZ                                      ,85704-                                  ,PIMA                                    ,NA,NA,NA,NA,NA,NA,NA,NA,NA,60,16440,2692,513,6563,NA,219.3099976,NA,615,155,1637,NA,NA,NA,NA,NA,NA,NA,3032,15
14,30106,Closure reduction to surgical center,1,85036,1,2002,106,STAC,NA,NA,2002,2006,30106,7/1/2006,1-Jul-06,5/31/2007,31-May-07,Reopened,PHOENIX MEMORIAL HOSPITAL               ,1201 SOUTH 7TH AVENUE                   ,,PHOENIX                                 ,AZ                                      ,85036,MARICOPA                                ,NA,NA,NA,1682731,NA,NA,NA,NA,NA,144,48389,1967,NA,15869,NA,287.1199951,NA,388,384,3349,NA,NA,NA,NA,NA,NA,NA,3022,12
15,30126,Close,0,85201,1,2013,126,STAC,NA,NA,2013,2013,30126,1/1/2013,1-Jan-13,4/26/2013,26-Apr-13,Settled,ARIZONA REGIONAL MEDICAL CENTER         ,515 N MESA DRIVE                        ,,MESA                                    ,AZ                                      ,85201,MARICOPA                                ,NA,NA,NA,NA,NA,NA,NA,NA,NA,114,16302,1288,369,3290,NA,121.5599976,NA,269,90,746,NA,NA,NA,NA,NA,NA,NA,3016,11
16,30128,NA,0,86401,1,2011,128,STAC,NA,NA,2011,2011,30128,10/1/2010,1-Oct-10,9/30/2011,30-Sep-11,Settled,HUALAPAI MOUNTAIN MEDICAL CENTER        ,3801 SANTA ROSA DRIVE                   ,,KINGMAN                                 ,AZ                                      ,86401,MOHAVE                                  ,NA,NA,NA,703611,NA,NA,0.1199999973,NA,NA,70,25550,3357,1589,6710,NA,179.4400024,NA,774,395,1678,NA,NA,NA,NA,NA,NA,NA,3014,12
17,30129,NA,0,85132,1,2012,129,STAC,NA,NA,2012,2011,30129,1/1/2011,1-Jan-11,9/7/2011,7-Sep-11,Settled,FLORENCE COMM. HEALTHCARE               ,450 WEST ADAMSVILLE RD.                 ,,FLORENCE                                ,AZ                                      ,85132-                                  ,PINAL                                   ,NA,NA,NA,89506,NA,NA,0.1199999973,NA,NA,23,5727,658,474,2497,NA,95.51000214,NA,151,153,771,NA,NA,NA,NA,NA,NA,NA,3009,11
18,40021,close/Merged/relocated,1,72209,1,2015,21,STAC,NA,NA,2015,2008,40021,1/1/2008,1-Jan-08,6/30/2008,30-Jun-08,Reopened,SOUTHWEST REGIONAL MEDICAL CENTER       ,11401 INTERSTATE 30                     ,,LITTLE ROCK                             ,AR                                      ,72209,PULASKI                                 ,NA,NA,NA,NA,NA,NA,NA,NA,NA,56,10192,589,NA,1097,NA,149.3999939,NA,89,3,291,NA,NA,NA,NA,NA,NA,NA,4041,19
19,40042,Close,0,72303,1,2014,42,STAC,NA,NA,2014,2014,40042,1/1/2014,1-Jan-14,8/29/2014,29-Aug-14,Reopened,CRITTENDEN REGIONAL HOSPITAL            ,200 TYLER ST                            ,2248,WEST MEMPHIS                            ,AR                                      ,72303-                                  ,CRITTENDEN                              ,204746,NA,NA,599905,NA,NA,0.2843999863,235292,85607,123,29643,3251,998,6653,3.349999905,393.2000122,NA,544,381,1780,NA,NA,NA,NA,NA,NA,131,4075,379
20,40142,Merged/either converted to rehab and/or closed,1,71913,1,2010,142,STAC,NA,NA,2010,2010,40142,1/1/2010,1-Jan-10,8/1/2010,1-Aug-10,Settled,HEALTHPARK HOSPITAL                     ,1600 HIGDON FERRY RD                    ,,HOT SPRINGS                             ,AR                                      ,71913,GARLAND                                 ,NA,NA,NA,NA,NA,NA,NA,NA,NA,20,4260,1073,NA,2140,NA,122.8000031,NA,312,29,680,NA,NA,NA,NA,NA,NA,NA,4035,19
21,50173,Close,0,92804,1,2013,173,STAC,NA,NA,2013,2008,50173,9/1/2008,1-Sep-08,7/20/2009,20-Jul-09,Settled,ANAHEIM GENERAL HOSPITAL                ,3350 W BALL ROAD                        ,,ANAHEIM                                 ,CA                                      ,92804,ORANGE                                  ,NA,NA,NA,1794839,NA,NA,NA,NA,NA,101,33633,2480,NA,6244,NA,179.8699951,NA,460,261,1157,NA,NA,NA,NA,NA,NA,NA,5004,23
22,50193,"Close, moved",1,92677,1,2003,193,STAC,NA,NA,2003,2009,50193,1/1/2009,1-Jan-09,6/30/2009,30-Jun-09,Settled,SOUTH COAST MEDICAL CENTER              ,31872 SOUTH COAST HWY                   ,,LAGUNA BEACH                            ,CA                                      ,92677,ORANGE                                  ,NA,NA,NA,NA,NA,NA,NA,NA,NA,124,22444,1827,NA,7249,NA,388.7900085,NA,400,2,1502,NA,NA,NA,NA,NA,NA,NA,5234,23
23,50196,"Close, reduction of service",1,93230,1,2016,196,STAC,NA,NA,2016,2015,50196,1/1/2015,1-Jan-15,11/30/2015,30-Nov-15,Amended,CENTRAL VALLEY GENERAL HOSPITAL         ,1025 N. DOUTY                           ,,HANFORD                                 ,CA                                      ,93230-                                  ,KINGS COUNTY                            ,136,NA,NA,111,NA,NA,0.1199999973,NA,140,49,16366,2,1732,8418,0.1700000018,414.8299866,NA,1,462,2315,962,NA,NA,NA,NA,NA,NA,5091,43
24,50325,Close,0,95370,1,2007,325,STAC,NA,NA,2007,2011,50325,7/1/2011,1-Jul-11,11/23/2011,23-Nov-11,Settled,TUOLOMNE GEN. HOSPITAL                  ,101 HOSPITAL ROAD                       ,,SONORA                                  ,CA                                      ,95370,,NA,NA,NA,NA,NA,NA,NA,NA,NA,NA,NA,NA,NA,NA,NA,NA,NA,NA,NA,NA,NA,NA,NA,NA,NA,NA,NA,5232,58
25,50349,"Close, reduction of service",1,93212,1,2013,349,STAC,NA,NA,2013,2013,50349,7/1/2013,1-Jul-13,9/30/2013,30-Sep-13,Settled,CORCORAN DISTRICT HOSPITAL              ,1310 HANNA AVENUE                       ,,CORCORAN                                ,CA                                      ,93212-                                  ,KINGS                                   ,NA,NA,NA,NA,NA,NA,NA,NA,NA,32,2944,NA,NA,NA,NA,NA,NA,NA,NA,NA,NA,NA,NA,NA,NA,NA,NA,5046,43
26,50385,Close,0,95472,1,2014,385,STAC,NA,NA,2014,2013,50385,7/1/2013,1-Jul-13,4/27/2014,27-Apr-14,Settled,PALM DRIVE HOSPITAL                     ,501 PETALUMA AVENUE                     ,,SEBASTOPOL                              ,CA                                      ,95472,SONOMA                                  ,NA,NA,NA,79910,NA,NA,0.03130000085,NA,NA,37,11137,1518,3,2514,NA,174.5399933,NA,388,2,672,NA,NA,NA,NA,NA,NA,NA,5226,89
27,50435,"Close, reduction of service",1,92028,1,2014,435,STAC,NA,NA,2014,2016,50435,7/1/2016,1-Jul-16,6/30/2017,30-Jun-17,Settled,FALLBROOK HOSPITAL                      ,624 E ELDER ST                          ,,FALLBROOK                               ,CA                                      ,92028-3004                              ,,NA,NA,NA,NA,NA,NA,NA,NA,NA,NA,NA,NA,NA,NA,NA,NA,NA,NA,NA,NA,NA,NA,NA,NA,NA,NA,NA,5070,80
28,50447,"Close, reduction of service",1,92105,1,2017,447,STAC,NA,NA,2017,2006,50447,1/1/2006,1-Jan-06,12/31/2006,31-Dec-06,Reopened,QUANTUM HEALTH  INC.                    ,5550 UNIVERSITY AVENUE                  ,,SAN DIEGO                               ,CA                                      ,92105,SAN DIEGO                               ,NA,NA,NA,1025024,NA,NA,NA,NA,NA,100,36500,3071,NA,20345,NA,251.2299957,NA,289,1374,2125,NA,NA,NA,NA,NA,NA,NA,5205,80
29,50531,Close,0,90706,1,2013,531,STAC,NA,NA,2013,2012,50531,9/1/2012,1-Sep-12,8/31/2013,31-Aug-13,Settled,BELLFLOWER MEDICAL CENTER               ,9542 EAST ARTESIA BLVD.                 ,,BELLFLOWER                              ,CA                                      ,90706-                                  ,LOS ANGELES                             ,NA,NA,NA,2007184,NA,NA,0.6528000236,NA,NA,144,52560,3178,5952,14311,NA,211.2700043,NA,412,798,2469,NA,NA,NA,NA,NA,NA,NA,5019,56
30,50545,Close,0,91769,1,2014,545,STAC,NA,NA,2014,2014,50545,7/1/2014,1-Jul-14,6/30/2015,30-Jun-15,Settled,LANTERMAN DEVELOPMENTAL CENTER          ,3530 WEST POMONA BLVD.                  ,,POMONA                                  ,CA                                      ,91769,LOS ANGELES                             ,NA,NA,NA,NA,NA,NA,NA,NA,NA,67,24455,36,5,41,NA,9,NA,4,1,5,NA,NA,NA,NA,NA,NA,NA,5183,56
31,50578,Close,0,90059,1,2007,578,STAC,NA,NA,2007,2007,50578,7/1/2007,1-Jul-07,8/15/2007,15-Aug-07,Settled,MARTIN LUTHER KING JR                   ,12021 S WILMINGTON AVE                  ,                                        ,LOS ANGELES                             ,CA                                      ,90059,LOS ANGELES                             ,NA,NA,NA,NA,NA,NA,NA,NA,NA,NA,NA,NA,NA,NA,NA,NA,NA,NA,NA,NA,NA,NA,NA,NA,NA,NA,NA,5130,56
32,50601,Close,0,91356,1,2008,601,STAC,NA,NA,2008,2008,50601,1/1/2008,1-Jan-08,9/18/2008,18-Sep-08,As Submitted,TARZANA ENCINO REGIONAL MED CTR         ,18321 CLARK STREET                      ,,TARZANA                                 ,CA                                      ,91356,LOS ANGELES                             ,NA,82907,NA,2416162,NA,NA,NA,43373,6311,245,64190,22574,NA,45589,NA,847.9000244,NA,3226,364,8614,NA,NA,NA,NA,NA,NA,NA,5244,56
33,50644,Close,0,90018,1,2014,644,STAC,NA,NA,2014,2012,50644,9/1/2012,1-Sep-12,8/31/2013,31-Aug-13,Settled,LOS ANGELES METROPOLITAN MEDICAL CTR    ,2231 S WESTERN AVE                      ,,LOS ANGELES                             ,CA                                      ,90018-                                  ,LOS ANGELES                             ,NA,NA,NA,3232534,NA,NA,0.6115999818,NA,NA,157,57305,5089,7423,15790,NA,365.9700012,NA,690,1178,2599,NA,NA,NA,2,NA,620,NA,5126,56
34,50682,NA,0,93611,1,2016,682,STAC,NA,NA,2016,2009,50682,7/1/2009,1-Jul-09,5/15/2010,15-May-10,Settled,KINGSBURG DISTRICT HOSPITAL             ,1200 SMITH STREET                       ,,KINGSBURG                               ,CA                                      ,93611,FRESNO                                  ,NA,NA,NA,NA,NA,NA,NA,NA,NA,15,5475,246,NA,1455,NA,22.77000046,NA,NA,NA,1,NA,NA,NA,NA,NA,NA,NA,5078,43
35,50693,Close,0,92618,1,2008,693,STAC,NA,NA,2008,2008,50693,1/1/2008,1-Jan-08,1/14/2009,14-Jan-09,Settled w/Audit,IRVINE MEDICAL CENTER                   ,16200 SAND CANYON BLVD                  ,,IRVINE                                  ,CA                                      ,92718,ORANGE                                  ,NA,NA,NA,467878,NA,NA,NA,NA,NA,176,67056,6390,NA,24931,NA,367.3999939,NA,1291,52,6982,NA,NA,NA,NA,NA,NA,NA,5218,23
36,50720,Close/long term care,1,92780,1,2012,720,STAC,NA,NA,2012,2007,50720,9/1/2007,1-Sep-07,8/31/2008,31-Aug-08,Settled,TUSTIN HOSPITAL AND MEDICAL CENTER      ,14662 NEWPORT AVE                       ,,TUSTIN                                  ,CA                                      ,92780,ORANGE                                  ,NA,NA,NA,140078,NA,NA,NA,NA,NA,135,49410,1387,NA,2828,NA,137.6300049,NA,61,178,454,NA,NA,NA,NA,NA,NA,NA,5218,23
37,50725,Close/later bought and became Silver Lake/probably disruption,1,90017,1,2010,725,STAC,NA,NA,2010,2008,50725,1/1/2008,1-Jan-08,11/17/2008,17-Nov-08,Settled,CITY OF ANGELS MEDICAL CENTER           ,915 WILSHIRE BLVD.  SUITE 2250          ,,LOS ANGELES                             ,CA                                      ,90017,LOS ANGELES                             ,NA,NA,NA,5921344,NA,NA,NA,NA,NA,187,60214,9261,NA,26625,NA,438.7399902,NA,1514,2647,4383,NA,NA,NA,NA,NA,NA,NA,5126,56
38,50753,Close,0,90067,1,2008,753,STAC,NA,NA,2008,2008,50753,1/1/2008,1-Jan-08,8/28/2008,28-Aug-08,Settled,CENTURY CITY DOCTOR S HOSP              ,2070 CENTURY PARK EAST                  ,,LOS ANGELES                             ,CA                                      ,90067,LOS ANGELES                             ,NA,NA,NA,306568,NA,NA,NA,NA,NA,142,34222,6269,NA,9468,NA,286.6099854,NA,1215,51,2202,NA,NA,NA,NA,NA,NA,NA,5126,56
39,50768,Close,0,92804,1,2013,768,STAC,NA,NA,2013,2012,50768,9/1/2012,1-Sep-12,6/25/2013,25-Jun-13,Settled,ANAHEIM GENERAL HOSPITAL                ,3350 W BALL ROAD                        ,,ANAHEIM                                 ,CA                                      ,92804-                                  ,ORANGE                                  ,NA,NA,NA,NA,NA,NA,NA,NA,NA,112,33376,2654,134,4481,NA,151.8099976,NA,388,18,808,NA,NA,NA,NA,NA,NA,NA,5004,23
40,100015,"Close, Merged/changed name/part of it became a rehab",1,33774,1,2012,15,STAC,2009,2009,2012,2008,100015,10/1/2007,1-Oct-07,2/29/2008,29-Feb-08,As Submitted,SUN COAST HOSPITAL                      ,2025 INDIAN ROCKS ROAD                  ,,LARGO                                   ,FL                                      ,33774,PINELLAS                                ,NA,879437,NA,148227,NA,NA,NA,1353746,284821,157,23864,4430,NA,9450,NA,414.2099915,NA,789,145,2035,NA,NA,NA,NA,NA,NA,NA,10062,116
41,100024,"Close, due to hurricane",0,33050,1,2017,24,STAC,2011,2011,2017,2010,100024,10/1/2009,1-Oct-09,2/18/2010,18-Feb-10,Settled,FISHERMEN S HOSPITAL                    ,3301 OVERSEAS HIGHWAY                   ,,MARATHON                                ,FL                                      ,33050,MONROE                                  ,NA,NA,NA,NA,NA,NA,NA,NA,NA,25,5604,592,NA,1068,NA,134.7200012,NA,156,12,284,NA,NA,NA,NA,NA,NA,NA,10070,127
42,100108,Close,0,32052,1,2010,108,STAC,2009,2008,2010,2007,100108,1/1/2007,1-Jan-07,12/31/2007,31-Dec-07,Settled,TRINITY COMMUNITY HOSPITAL              ,506 NW 4TH STREET                       ,,JASPER                                  ,FL                                      ,32052,HAMILTON                                ,NA,NA,NA,167214,NA,NA,NA,NA,NA,42,15330,944,NA,1941,NA,58.70000076,NA,361,400,1939,NA,NA,NA,NA,NA,NA,NA,10052,140
43,100237,Close,0,33334,1,2008,237,STAC,2009,2009,2008,2008,100237,1/1/2008,1-Jan-08,3/31/2008,31-Mar-08,Settled,NORTH RIDGE MEDICAL CENTER              ,5757 NORTH DIXIE HIGHWAY                ,,FORT LAUDERDALE                         ,FL                                      ,33334,BROWARD                                 ,NA,NA,NA,NA,NA,NA,NA,NA,NA,316,28756,2608,NA,4430,NA,362.6099854,NA,491,25,983,NA,NA,NA,NA,NA,NA,NA,10036,118
44,100239,Close,0,33713,1,2014,239,STAC,2014,2015,2014,2014,100239,1/1/2014,1-Jan-14,11/23/2014,23-Nov-14,Settled,EDWARD WHITE HOSPITAL                   ,2323 9TH AVENUE                         ,,ST. PETERSBURG                          ,FL                                      ,33713-                                  ,PINELLAS                                ,NA,NA,NA,134019,NA,NA,0.08280000091,NA,NA,74,24198,3827,578,9514,NA,226.8300018,NA,799,93,2250,NA,NA,NA,NA,NA,NA,NA,10115,139
45,110059,Close,0,30643,1,2010,59,STAC,2013,2013,2010,2012,110059,1/1/2012,1-Jan-12,5/31/2012,31-May-12,Settled,HART COUNTY HOSPITAL                    ,138 W GIBSON STREET                     ,280,HARTWELL                                ,GA                                      ,30643,HART                                    ,NA,NA,NA,32165,NA,NA,0.04210000113,NA,NA,82,12464,540,56,796,NA,58.52000046,NA,136,17,235,NA,NA,NA,NA,NA,NA,NA,11064,144
46,110183,Close,0,30080,1,2014,183,STAC,2014,2015,2014,2014,110183,1/1/2014,1-Jan-14,10/30/2014,30-Oct-14,Settled,EMORY-ADVENTIST HOSPITAL                ,3949 SOUTH COBB DRIVE                   ,,SMRYNA                                  ,GA                                      ,30080,COBB                                    ,NA,NA,NA,15680,NA,NA,0.0262000002,NA,NA,73,22119,1639,240,3973,NA,276,NA,366,49,1100,NA,NA,NA,NA,NA,NA,NA,11103,144
47,110205,NA,0,30540,1,2017,205,STAC,NA,2016,2017,2015,110205,7/1/2015,1-Jul-15,6/30/2016,30-Jun-16,As Submitted,NORTH GEORGIA MEDICAL CENTER            ,JASPER ROAD                             ,346,ELLIJAY                                 ,GA                                      ,30540-                                  ,GILMER                                  ,NA,NA,NA,6693,NA,NA,0.04030000046,NA,NA,40,14640,504,46,798,NA,128.5099945,NA,133,17,247,8,NA,NA,NA,NA,NA,NA,11053,144
48,110212,Converted to outpatient center,1,31602,1,2015,212,STAC,2012,2012,2015,2011,110212,1/1/2011,1-Jan-11,8/31/2011,31-Aug-11,As Submitted,SMITH HOSPITAL                          ,4280 NORTH VALDOSTA ROAD                ,10010,VALDOSTA                                ,GA                                      ,31602-                                  ,LOWNDES                                 ,NA,NA,NA,484395,NA,NA,0.1199999973,NA,NA,41,9963,2900,366,7579,NA,226.3800049,NA,693,138,2127,NA,NA,NA,NA,NA,NA,NA,11119,140
49,120010,Close,0,96817,1,2011,10,STAC,2012,2011,2011,2010,120010,7/1/2010,1-Jul-10,6/30/2011,30-Jun-11,Amended,HAWAII MEDICAL CENTER - EAST            ,2330 LILIHA STREET                      ,,HONOLULU                                ,HI                                      ,96817,OAHU                                    ,NA,NA,NA,1769979,NA,NA,0.1719000041,NA,NA,188,68620,5951,267,14770,NA,331.6000061,NA,774,33,2275,NA,NA,NA,NA,NA,NA,NA,12003,150
50,120027,Close,0,96706,1,2011,27,STAC,2012,2011,2011,2010,120027,7/1/2010,1-Jul-10,6/30/2011,30-Jun-11,Amended,HAWAII MEDICAL CENTER - WEST            ,91-2141 FORT WEAVER ROAD                ,,EWA BEACH                               ,HI                                      ,96706,OAHU                                    ,NA,NA,NA,2895928,NA,NA,0.2833999991,NA,NA,102,37230,7281,540,20338,NA,331.8399963,NA,1060,99,3250,NA,NA,NA,NA,NA,NA,NA,12003,150
51,140026,NA,0,61364,1,2015,26,STAC,NA,2016,2015,2015,140026,7/1/2015,1-Jul-15,1/3/2016,3-Jan-16,As Submitted,ST. MARYS HOSPITAL                      ,111 E. SPRING ST.                       ,,STREATOR                                ,IL                                      ,61364,LASALLE                                 ,NA,NA,NA,NA,NA,NA,NA,NA,NA,86,16082,1178,110,1625,NA,126.8700027,NA,278,30,402,NA,NA,NA,NA,NA,NA,NA,14132,170
52,140066,Close,0,62201,1,2011,66,STAC,2010,2010,2011,2009,140066,1/1/2009,1-Jan-09,6/30/2009,30-Jun-09,Settled,KENNETH HALL REGIONAL HOSPITAL          ,129 NORTH 8TH STREET                    ,,EAST ST. LOUIS                          ,IL                                      ,62201,ST. CLAIR                               ,NA,NA,NA,244911,NA,NA,NA,NA,NA,161,29141,704,NA,2610,NA,211,NA,126,236,542,NA,NA,NA,NA,NA,NA,NA,14007,273
53,140075,Close,0,60616,1,2009,75,STAC,2009,2009,2009,2008,140075,1/1/2008,1-Jan-08,12/31/2008,31-Dec-08,Settled w/Audit,MICHAEL REESE HOSPITAL                  ,2929 SOUTH ELLIS AVENUE                 ,,CHICAGO                                 ,IL                                      ,60616,COOK                                    ,NA,846428,NA,1399040,NA,NA,NA,1064373,294840,156,57096,2897,NA,10581,NA,398.0799866,NA,638,1515,3007,NA,NA,NA,NA,NA,NA,NA,14023,156
54,140151,Close,0,60624,1,2013,151,STAC,2014,2013,2013,2012,140151,7/1/2012,1-Jul-12,7/20/2013,20-Jul-13,Reopened,SACRED HEART HOSPITAL                   ,3240 W. FRANKLIN BLVD                   ,,CHICAGO                                 ,IL                                      ,60624,COOK                                    ,189306,NA,NA,2715757,NA,NA,0.3226000071,190597,70489,119,43554,7495,3610,13048,5.300000191,240.1600037,NA,1438,866,2721,NA,NA,NA,NA,NA,NA,NA,14023,156
55,140207,Close,0,60062,1,2008,207,STAC,2009,2009,2008,2008,140207,1/1/2008,1-Jan-08,10/16/2008,16-Oct-08,Settled,LINCOLN PARK HOSPITAL                   ,3100 DUNDEE RD. STE 916                 ,,NORTHBROOK                              ,IL                                      ,60062,COOK                                    ,NA,NA,NA,2666131,NA,NA,NA,NA,NA,114,32946,7447,NA,16127,NA,343.9899902,NA,1360,1415,3439,NA,NA,NA,NA,NA,NA,NA,14040,161
56,140301,"Close, converted/outpatient only",1,60452,1,2011,301,STAC,2012,2012,2011,2011,140301,12/1/2010,1-Dec-10,8/31/2011,31-Aug-11,Settled,OAK FOREST HOSPITAL OF COOK COUNTY      ,15900 SOUTH CICERO AVENUE               ,,OAK FOREST                              ,IL                                      ,60452-                                  ,COOK                                    ,6218,NA,NA,59436,NA,NA,0.1333000064,12248,9451,100,27400,444,1556,6176,2.329999924,659.1199951,NA,93,94,1024,NA,NA,NA,NA,43,NA,97,14057,155
57,140303,Close,0,60640,1,2009,303,STAC,2010,2011,2009,2010,140303,10/1/2009,1-Oct-09,12/3/2009,3-Dec-09,Settled,THE NEUROLOGIC & ORTHOPEDIC INSTITUT    ,4501 NORTH WINCHESTER                   ,,CHICAGO                                 ,IL                                      ,60640,COOK                                    ,NA,NA,NA,NA,NA,NA,NA,NA,NA,78,4992,154,NA,493,NA,141.3800049,NA,41,7,161,NA,NA,NA,NA,NA,NA,NA,14023,156
58,150033,Close,0,46107,1,2012,33,STAC,2013,2012,2012,2011,150033,1/1/2011,1-Jan-11,12/31/2011,31-Dec-11,Settled,ST. FRANCIS HOSPITAL & HEALTH CENTER    ,1600 ALBANY STREET                      ,,BEECH GROVE                             ,IN                                      ,46107-                                  ,MARION                                  ,1327604,NA,NA,840172,NA,NA,0.0270000007,771630,116348,182,66430,20822,3286,39868,17.25,1264.75,NA,4434,702,8813,NA,NA,NA,NA,16,NA,431,15006,183
59,150170,"Close, merger and reduction",1,46321,1,2011,170,STAC,2012,2012,2011,2011,150170,1/1/2011,1-Jan-11,4/13/2011,13-Apr-11,Settled,SURGICAL HOSPITAL OF MUNSTER            ,7847 CALUMET AVENUE                     ,,MUNSTER                                 ,IN                                      ,46321,LAKE                                    ,NA,NA,NA,NA,NA,NA,NA,NA,NA,9,927,9,NA,51,NA,33.25999832,NA,3,NA,24,NA,NA,NA,NA,NA,NA,NA,15058,186
60,170010,NA,0,67301,1,2015,10,STAC,NA,2016,2015,2015,170010,7/1/2015,1-Jul-15,10/9/2015,9-Oct-15,Settled,MERCY HOSPITAL - INDEPENDENCE           ,800 WEST MYRTLE                         ,,INDEPENDENCE                            ,KS                                      ,67301-3240                              ,MONTGOMERY                              ,NA,NA,NA,NA,NA,NA,NA,NA,NA,47,4747,251,2,312,NA,33.36000061,NA,41,1,65,NA,NA,NA,NA,NA,NA,NA,17053,201
61,170033,"Close, Converted",1,67530,1,2011,33,STAC,2012,2011,2011,2010,170033,7/1/2010,1-Jul-10,4/30/2011,30-Apr-11,Settled,CENTRAL KANSAS MEDICAL CENTER           ,3515 BROADWAY                           ,,GREAT BEND                              ,KS                                      ,67530,BARTON                                  ,NA,NA,NA,250714,NA,NA,NA,NA,NA,41,12545,1831,NA,2903,NA,246.0200043,NA,330,168,788,NA,NA,NA,NA,NA,NA,NA,17037,201
62,180007,"Close, Converted/ER only",1,40508,1,2009,7,STAC,2008,2008,2009,2007,180007,1/1/2007,1-Jan-07,6/30/2007,30-Jun-07,Settled,SAMARITAN HOSPITAL                      ,310 SOUTH LIMESTONE                     ,,LEXINGTON                               ,KY                                      ,40508,FAYETTE                                 ,NA,NA,NA,1024427,NA,NA,NA,NA,NA,224,40544,4866,NA,11099,NA,448.6400146,NA,893,422,2224,NA,NA,NA,NA,NA,NA,NA,18045,204
63,180117,Close,0,42041,1,2015,117,STAC,NA,2015,2015,2014,180117,6/1/2014,1-Jun-14,3/31/2015,31-Mar-15,Settled,PARKWAY REGIONAL HOSPITAL               ,2000 HOLIDAY LANE                       ,,FULTON                                  ,KY                                      ,42041,FULTON                                  ,NA,NA,NA,35762,NA,NA,0.1199999973,NA,NA,50,15200,1096,319,1691,NA,96.33000183,NA,239,122,439,NA,NA,NA,NA,NA,NA,NA,18025,208
64,180149,"Close, lager merger and name change",1,42728,1,2013,149,STAC,NA,NA,2013,2017,180149,10/1/2016,1-Oct-16,9/30/2017,30-Sep-17,As Submitted,TJ HEALTH COLUMBIA                      ,901 WESTLAKE DRIVE                      ,,COLUMBIA                                ,KY                                      ,42728-                                  ,ADAIR                                   ,NA,NA,NA,904,NA,NA,0.09529999644,NA,NA,16,5840,21,NA,45,NA,43.09999847,NA,9,NA,22,NA,NA,NA,NA,NA,406,NA,18014,205
65,190009,Close,0,71361,1,2014,9,STAC,2014,2014,2014,2013,190009,7/1/2013,1-Jul-13,6/30/2014,30-Jun-14,Reopened,HUEY P. LONG MEDICAL CENTER             ,352 HOSPITAL STREET                     ,P.O. 5253                               ,PINEVILLE                               ,LA                                      ,71361-5352                              ,RAPIDES                                 ,7400,NA,NA,21883,NA,NA,0.1199999973,44814,33946,20,7300,399,354,2800,2.730000019,268.75,NA,74,60,568,NA,NA,NA,NA,NA,194,NA,19002,209
66,190037,Close,0,70631,1,2006,37,STAC,2012,2011,2006,2010,190037,1/1/2010,1-Jan-10,12/31/2010,31-Dec-10,Settled,SOUTH CAMERON MEMORIAL HOSPITAL         ,5360 W CREOLE HIGHWAY                   ,,CAMERON                                 ,LA                                      ,70631,CAMERON                                 ,NA,NA,NA,NA,NA,NA,NA,NA,NA,25,9125,15,NA,137,NA,40.70000076,NA,4,35,54,NA,NA,NA,NA,NA,NA,NA,19047,214
67,190122,Close,0,70805,1,2015,122,STAC,2014,2013,2015,2012,190122,7/1/2012,1-Jul-12,3/7/2013,7-Mar-13,Settled,EARL K. LONG MEDICAL CENTER             ,5825 AIRLINE HIGHWAY                    ,,BATON ROUGE                             ,LA                                      ,70805,EAST BATON ROUGE PARISH                 ,280355,NA,NA,251207,NA,NA,0.349999994,147657,337205,105,26250,545,1733,7454,60.86999893,1040.410034,NA,114,367,1564,NA,NA,NA,NA,NA,NA,NA,19007,210
68,190131,Close,0,70764,1,2009,131,STAC,2010,2009,2009,2008,190131,1/1/2008,1-Jan-08,12/31/2008,31-Dec-08,Settled,RIVER WEST MEDICAL CENTER               ,59355 RIVER WEST DRIVE                  ,,PLAQUEMINE                              ,LA                                      ,70764,IBERVILLE                               ,NA,NA,NA,238503,NA,NA,NA,NA,NA,75,27450,1763,NA,3753,NA,155.8000031,NA,377,371,1237,NA,NA,NA,NA,NA,NA,NA,19073,210
69,190191,"Close, converted to non-acute",1,70570,1,2009,191,STAC,2010,2009,2009,2008,190191,5/1/2008,1-May-08,4/30/2009,30-Apr-09,Settled,DOCTORS HOSPITAL OF OPELOUSAS           ,3983 I-49 SOUTH SERVICE ROAD            ,,OPELOUSAS                               ,LA                                      ,70570,ST LANDRY PARISH                        ,NA,NA,NA,600569,NA,NA,NA,NA,NA,117,42705,4357,NA,8072,NA,158.2100067,NA,877,453,1805,NA,NA,NA,NA,NA,NA,NA,19071,213
70,190273,Close,0,70807,1,2012,273,STAC,2013,2013,2012,2012,190273,1/1/2012,1-Jan-12,12/5/2012,5-Dec-12,Settled,GREATER BATON ROUGE SURGICAL HOSPITA    ,7855 HOWELL BLVD                        ,,BATON ROUGE                             ,LA                                      ,70807,EAST BATON ROUGE                        ,NA,NA,NA,28925,NA,NA,0.1185000017,NA,NA,10,3400,76,2,407,NA,33.45000076,NA,25,1,84,NA,NA,NA,NA,NA,NA,NA,19007,210
71,200025,"Close, merger and outpatient only",1,4011,1,2015,25,STAC,NA,2016,2015,2015,200025,1/1/2015,1-Jan-15,7/3/2015,3-Jul-15,Settled,PARKVIEW ADVENTIST MEDICAL CENTER       ,329 MAINE STREET                        ,,BRUNSWICK                               ,ME                                      ,4011,CUMBERLAND                              ,NA,NA,NA,NA,NA,NA,NA,NA,NA,55,10230,783,57,1414,NA,181,NA,185,17,344,NA,NA,NA,NA,NA,NA,NA,20010,222
72,210025,Close,0,21502,1,2009,25,STAC,2010,2010,2009,2009,210025,7/1/2009,1-Jul-09,11/21/2009,21-Nov-09,Settled,MEMORIAL HOSPITAL OF CUMBERLAND         ,600 MEMORIAL AVE                        ,,CUMBERLAND                              ,MD                                      ,21502,ALLEGANY                                ,NA,NA,NA,NA,NA,NA,NA,NA,NA,129,18576,6866,NA,12803,NA,818.5,NA,1376,796,3477,NA,NA,NA,NA,NA,NA,NA,21010,113
73,220025,"Close, Converted/Outpatient only",1,1570,1,2009,25,STAC,2010,2010,2009,2009,220025,10/1/2008,1-Oct-08,5/3/2009,3-May-09,Settled,HUBBARD REGIONAL HOSPITAL               ,340 THOMPSON ROAD                       ,,WEBSTER                                 ,MA                                      ,1570,WORCESTER                               ,NA,NA,NA,138096,NA,NA,NA,NA,NA,22,4730,774,NA,1811,NA,97.88999939,NA,225,141,566,NA,NA,NA,NA,NA,NA,NA,22065,231
74,220051,Close,0,1247,1,2014,51,STAC,2014,2015,2014,2014,220051,10/1/2013,1-Oct-13,3/27/2014,27-Mar-14,Settled,NORTH ADAMS REGIONAL HOSPITAL           ,71 HOSPITAL AVENUE                      ,,NORTH ADAMS                             ,MA                                      ,1247,BERKSHIRE                               ,NA,NA,NA,99127,NA,NA,0.1008000001,NA,NA,49,8771,1515,173,2683,NA,393.4899902,NA,484,39,830,NA,NA,NA,37,NA,95,NA,22045,230
75,220067,Close,0,2169,1,2014,67,STAC,2014,2015,2014,2014,220067,1/1/2014,1-Jan-14,12/25/2014,25-Dec-14,Settled,QUINCY MEDICAL CENTER                   ,114 WHITWELL STREET                     ,,QUINCY                                  ,MA                                      ,2169,NORFOLK                                 ,NA,NA,NA,431952,NA,NA,0.1271000057,NA,NA,174,62640,7656,1562,15669,NA,538.4500122,NA,1768,352,3869,NA,NA,NA,2,NA,316,NA,22053,227
76,220082,"Close, service reduction",1,1852,1,2012,82,STAC,2014,2015,2012,2014,220082,10/1/2013,1-Oct-13,3/31/2014,31-Mar-14,Reopened,SAINTS MEDICAL CENTER                   ,ONE HOSPITAL DRIVE                      ,,LOWELL                                  ,MA                                      ,1852,MIDDLESEX                               ,NA,NA,NA,392146,NA,NA,0.1972000003,NA,NA,157,28574,4654,1263,10072,NA,698.6300049,NA,1020,377,2311,NA,NA,NA,NA,NA,NA,NA,22027,227
77,230034,Close,0,49721,1,2012,34,STAC,2011,2011,2012,2010,230034,4/1/2010,1-Apr-10,6/28/2010,28-Jun-10,Settled,CHEBOYGAN MEMORIAL HOSPITAL             ,748 SOUTH MAIN                          ,419,CHEBOYGAN                               ,MI                                      ,49721,CHEBOYGAN                               ,NA,NA,NA,38807,NA,NA,NA,NA,NA,40,3560,629,NA,991,NA,274.0700073,NA,216,34,419,NA,NA,NA,NA,NA,NA,NA,23019,243
78,230060,Close,0,49660,1,2009,60,STAC,2010,2010,2009,2009,230060,7/1/2009,1-Jul-09,8/1/2009,1-Aug-09,Settled,WEST SHORE MEDICAL CENTER               ,1465 E. PARKDALE AVENUE                 ,,MANISTEE                                ,MI                                      ,49660,MANISTEE                                ,NA,NA,NA,24191,NA,NA,NA,NA,NA,45,1395,389,NA,635,NA,324.7000122,NA,89,14,166,NA,NA,NA,NA,NA,NA,NA,23069,249
79,230119,"Close, later becomes a nursing home",1,48092,1,2007,119,STAC,2008,2007,2007,2006,230119,7/1/2006,1-Jul-06,6/15/2007,15-Jun-07,Settled w/Audit,ST. JOHN DETROIT RIVERVIEW HOSPITAL     ,28000 DEQUINDRE ROAD                    ,,WARREN                                  ,MI                                      ,48092,MACOMB                                  ,NA,1923587,NA,10028746,NA,NA,NA,1241674,234939,206,71894,20711,NA,46459,NA,1229.280029,NA,3298,1735,8205,NA,NA,NA,NA,NA,NA,NA,23119,234
80,230135,"Closure, reduction to outpatient",1,48236,1,2010,135,STAC,2011,2011,2010,2010,230135,1/1/2010,1-Jan-10,4/30/2010,30-Apr-10,Settled,COTTAGE HOSPITAL                        ,159 KERCHEVAL                           ,,GROSSE POINTE                           ,MI                                      ,48236,WAYNE                                   ,NA,NA,NA,NA,NA,NA,NA,NA,NA,20,2400,202,NA,707,NA,319.7000122,NA,57,4,183,NA,NA,NA,NA,NA,NA,NA,23042,234
81,230204,Close,0,48089,1,2012,204,STAC,2011,2011,2012,2010,230204,1/1/2010,1-Jan-10,3/30/2010,30-Mar-10,Reopened,BI-COUNTY COMMUNITY HOSPITAL            ,12244 E. TEN MILE ROAD                  ,,WARREN                                  ,MI                                      ,48089,MACOMB                                  ,NA,603621,NA,286419,NA,NA,NA,532549,105775,152,13680,2520,NA,4955,NA,777.9699707,NA,548,59,1175,NA,NA,NA,NA,NA,NA,NA,23119,234
82,240211,NA,0,55063,1,2009,211,STAC,NA,2010,2009,2011,240211,10/1/2010,1-Oct-10,12/22/2010,22-Dec-10,Settled,LAKESIDE MEDICAL CENTER                 ,129 6TH AVE SE                          ,,PINE CITY                               ,MN                                      ,55063-1913                              ,PINE                                    ,NA,NA,NA,NA,NA,NA,NA,NA,NA,NA,NA,NA,NA,NA,NA,NA,NA,NA,NA,NA,NA,NA,NA,NA,NA,NA,NA,24103,251
83,250051,Close,0,39747,1,2015,51,STAC,2014,2014,2015,2013,250051,10/1/2012,1-Oct-12,9/30/2013,30-Sep-13,Settled,KILMICHAEL HOSPITAL                     ,301 LAMAR AVE.                          ,188,KILMICHAEL                              ,MS                                      ,39747,MONTGOMERY                              ,NA,NA,NA,25661,NA,NA,0.28580001,NA,NA,19,6954,104,92,461,NA,24,NA,26,25,125,NA,NA,NA,NA,NA,NA,NA,25040,259
84,250084,NA,0,39120,1,2015,84,STAC,NA,NA,2015,2017,250084,10/1/2016,1-Oct-16,9/30/2017,30-Sep-17,Amended,NATCHEZ REGIONAL MEDICAL CENTER         ,54 SOUTH SEARGENT PRENTISS              ,1488,NATCHEZ                                 ,MS                                      ,39120,ADAMS                                   ,NA,NA,NA,299408,NA,NA,0.1199999973,NA,NA,147,53655,8241,2795,16339,NA,8443,NA,1718,1356,4212,NA,NA,NA,NA,NA,234,211,25059,259
85,250125,"Close, moved",1,39531,1,2007,125,STAC,2008,2008,2007,2007,250125,7/1/2007,1-Jul-07,12/31/2007,31-Dec-07,Settled,GULF COAST MEDICAL CENTER               ,180-A DEBUYS ROAD                       ,,BILOXI                                  ,MS                                      ,39531,HARRISON                                ,NA,NA,NA,196209,NA,NA,NA,NA,NA,155,28520,1803,NA,3423,NA,145.3600006,NA,306,145,726,NA,NA,NA,NA,NA,NA,NA,25008,257
86,250131,NA,0,38646,1,2016,131,STAC,NA,2004,2016,2003,250131,1/1/2003,1-Jan-03,2/28/2003,28-Feb-03,Settled,QUITMAN CTY HOSPT. & NURSING HOME       ,340 GETWELL DRIVE                       ,,MARKS                                   ,MS                                      ,38646,QUITMAN                                 ,NA,NA,NA,10005,NA,NA,NA,NA,NA,27,1593,427,NA,681,NA,99.87999725,NA,59,50,145,NA,NA,NA,NA,NA,NA,NA,25052,379
87,250149,Close,0,39345,1,2015,149,STAC,2011,2011,2015,2010,250149,1/1/2010,1-Jan-10,8/31/2010,31-Aug-10,Settled,NEWTON REGIONAL HOSPITAL                ,9421 EASTSIDE DRIVE ESTENSION           ,299,NEWTON                                  ,MS                                      ,39345,NEWTON                                  ,NA,NA,NA,83158,NA,NA,NA,NA,NA,21,5103,1718,NA,2635,NA,105.0899963,NA,188,164,521,NA,NA,NA,NA,NA,NA,NA,25056,260
88,260021,Close,0,63139,1,2011,21,STAC,2011,2011,2011,2010,260021,1/1/2010,1-Jan-10,7/31/2010,31-Jul-10,Settled,FOREST PARK HOSPITAL                    ,6150 OAKLAND AVENUE                     ,,ST. LOUIS                               ,MO                                      ,63139,ST. LOUIS                               ,NA,10035,NA,317933,NA,NA,NA,38128,12293,106,22472,1059,NA,4301,NA,145.7100067,NA,151,274,712,NA,NA,NA,NA,NA,NA,NA,26082,273
89,260116,NA,0,63640,1,2015,116,STAC,NA,2016,2015,2015,260116,5/1/2015,1-May-15,1/18/2016,18-Jan-16,Settled,PARKLAND HEALTH CENTER - WEBER ROAD     ,1212 WEBER ROAD                         ,,FARMINGTON                              ,MO                                      ,63640,ST FRANCIOS                             ,NA,NA,NA,82237,NA,NA,0.3501999974,NA,NA,42,11046,1027,800,2740,NA,117.3199997,NA,194,160,620,66,NA,NA,20,NA,129,NA,26029,273
90,260147,"Close, merger and reduction of service",1,64776,1,2014,147,STAC,2014,2015,2014,2014,260147,7/1/2014,1-Jul-14,9/15/2014,15-Sep-14,Settled,SAC-OSAGE HOSPITAL                      ,700 GIESLER DRIVE                       ,426,OSCEOLA                                 ,MO                                      ,64776,ST CLAIR                                ,NA,NA,NA,1430,NA,NA,0.08240000159,NA,NA,47,3619,64,10,109,NA,61.77999878,NA,14,2,32,NA,NA,NA,NA,NA,NA,NA,26068,268
91,260166,Close,0,64057,1,2006,166,STAC,2008,2007,2006,2006,260166,4/1/2006,1-Apr-06,5/6/2007,6-May-07,Reopened,MEDICAL CENTER OF INDEPENDENCE          ,17203 EAST 23RD ST                      ,,INDEPENDENCE                            ,MO                                      ,64057,JACKSON                                 ,NA,1058450,NA,1377411,NA,NA,NA,578042,82531,134,53734,9585,NA,29017,NA,425.2799988,NA,2012,357,4699,NA,NA,NA,NA,NA,NA,NA,26038,268
92,260178,"Close, became children's hospital",1,65201,1,2010,178,STAC,2011,2010,2010,2009,260178,7/1/2009,1-Jul-09,6/30/2010,30-Jun-10,Settled,COLUMBIA REGIONAL HOSPITAL              ,404 KEENE ST                            ,,COLUMBIA                                ,MO                                      ,63201,BOONE                                   ,NA,566599,NA,949677,NA,NA,NA,183376,85896,98,35596,3380,NA,27099,NA,726.2600098,NA,784,2670,6077,NA,NA,NA,NA,NA,NA,NA,26021,264
93,290020,Close,0,89049,1,NA,20,STAC,NA,2015,2015,2014,290020,1/1/2014,1-Jan-14,12/31/2014,31-Dec-14,Settled,NYE REGIONAL MEDICAL CENTER             ,825 SOUTH MAIN STREET                   ,391,TONOPAH                                 ,NV                                      ,89049,NYE                                     ,NA,NA,NA,2983,NA,NA,0.1199999973,NA,NA,10,3650,43,22,137,NA,64.02999878,NA,18,7,51,NA,NA,NA,NA,NA,NA,NA,29015,280
94,310018,Close,0,7105,1,NA,18,STAC,2009,2009,2009,2008,310018,1/1/2008,1-Jan-08,5/1/2008,1-May-08,Settled,ST. JAMES HOSPITAL                      ,155 JEFERSON ST.                        ,,NEWARK                                  ,NJ                                      ,7105,ESSEX                                   ,NA,NA,NA,677055,NA,NA,NA,NA,NA,100,7500,1771,NA,4059,NA,343.3999939,NA,201,180,647,NA,NA,NA,NA,NA,NA,NA,31035,289
95,310026,Close,0,7514,1,2007,26,STAC,2009,2007,2007,2006,310026,1/1/2006,1-Jan-06,12/31/2006,31-Dec-06,As Submitted,BARNERT HOSPITAL                        ,680 BROADWAY                            ,,PATERSON                                ,NJ                                      ,7514,PASSAIC                                 ,NA,6029,NA,3340786,NA,NA,NA,NA,NA,160,58400,10823,NA,32080,NA,616.4000244,NA,1464,919,6227,NA,NA,NA,NA,NA,NA,NA,31041,291
96,310037,Close,0,7675,1,2007,37,STAC,2008,2008,2007,2007,310037,1/1/2007,1-Jan-07,12/31/2007,31-Dec-07,Settled,PASCACK VALLEY HOSPITAL                 ,OLD HOOK ROAD                           ,,WESTWOOD                                ,NJ                                      ,07675-                                  ,BERGEN                                  ,NA,233622,NA,NA,NA,NA,NA,111493,34378,154,51680,16857,NA,28963,NA,734.6500244,NA,2839,67,6918,NA,NA,NA,NA,NA,NA,NA,31067,284
97,310063,Close,0,7061,1,2008,63,STAC,2009,2009,2008,2008,310063,1/1/2008,1-Jan-08,8/13/2008,13-Aug-08,Settled,MUHLENBERG REGIONAL MEDICAL CENTER      ,PARK AVE & RANDOLPH ROAD                ,,PLAINFIELD                              ,NJ                                      ,07061-                                  ,UNION                                   ,NA,1097222,NA,699492,NA,NA,NA,670186,143612,157,35467,12028,NA,21990,NA,563.0300293,NA,1893,624,4719,NA,NA,NA,NA,NA,NA,NA,31044,285
98,310088,Close,0,8037,1,2009,88,STAC,2010,2010,2009,2009,310088,1/1/2009,1-Jan-09,3/12/2009,12-Mar-09,Settled,WM. B. KESSLER MEMORIAL HOSPITAL        ,600 SOUTH WHITE HORSE PIKE              ,,HAMMONTON                               ,NJ                                      ,08037-                                  ,ATLANTIC                                ,NA,23899,NA,NA,NA,NA,NA,77308,13375,83,5893,1806,NA,2526,NA,200.1000061,NA,301,21,528,NA,NA,NA,NA,NA,NA,NA,31019,283
99,310090,"Open, Converted to ER",1,7083,1,NA,90,STAC,2008,2008,2008,2007,310090,1/1/2007,1-Jan-07,9/30/2007,30-Sep-07,Reopened,UNION HOSPITAL                          ,1000 GALLOPING HILL ROAD                ,,UNION                                   ,NJ                                      ,7083,UNION                                   ,NA,1121979,NA,NA,NA,NA,NA,674876,111553,141,38493,11630,NA,19982,NA,569,NA,1686,65,3694,NA,NA,NA,NA,NA,NA,NA,31064,289
100,310093,"Open, Converted to long term care",1,7107,1,2008,93,STAC,2009,2009,2008,2008,310093,1/1/2008,1-Jan-08,6/9/2008,9-Jun-08,Settled,COLUMBUS HOSPITAL                       ,495 N 13 TH STREET                      ,,NEWARK                                  ,NJ                                      ,7107,ESSEX                                   ,NA,NA,NA,1634218,NA,NA,NA,NA,NA,175,27475,7655,NA,14691,NA,563.9699707,NA,1023,272,2894,NA,NA,NA,NA,NA,NA,NA,31035,289
101,310105,Close,0,7305,1,2008,105,STAC,2009,2008,2008,2007,310105,7/1/2007,1-Jul-07,4/23/2008,23-Apr-08,Settled,GREENVILLE HOSPITAL                     ,1825 KENNEDY BOULEVARD                  ,,JERSEY CITY                             ,NJ                                      ,07305-                                  ,HUDSON                                  ,NA,NA,NA,952938,NA,NA,NA,NA,NA,100,29800,5610,NA,12400,NA,216.2100067,NA,651,165,1947,NA,NA,NA,NA,NA,NA,NA,31023,289
102,310120,"Close, reduction of service",1,7461,1,2017,120,STAC,2013,2013,2017,2012,310120,7/1/2012,1-Jul-12,9/29/2012,29-Sep-12,As Submitted,ST. CLARES HOSPITAL - SUSSEX            ,20 WALNUT STREET                        ,,SUSSEX                                  ,NJ                                      ,7461,SUSSEX                                  ,NA,NA,NA,NA,NA,NA,NA,NA,NA,41,3731,325,NA,537,NA,124.6100006,NA,69,NA,158,NA,NA,NA,NA,NA,NA,NA,31060,285
103,320019,Close,0,87108,1,2007,19,STAC,2008,2008,2007,2007,320019,1/1/2007,1-Jan-07,6/30/2007,30-Jun-07,As Submitted,LOVELACE MEDICAL CENTER - GIBSON        ,5400 GIBSON BLVD SE                     ,27803,ALBUQUERQUE                             ,NM                                      ,87108,BERNALILLO                              ,NA,19749,NA,69937,NA,NA,NA,36701,19364,203,36743,1096,NA,4643,NA,217.2700043,NA,233,17,1167,NA,NA,NA,NA,NA,NA,NA,32002,293
104,330002,"Close, reduction to nursing home",1,11691,1,NA,2,STAC,2013,2013,2013,2012,330002,1/1/2012,1-Jan-12,4/8/2012,8-Apr-12,Settled,PENINSULA HOSPITAL CENTER               ,51-15 BEACH CHANNEL DRIVE               ,,FAR ROCKAWAY                            ,NY                                      ,11691,QUEENS                                  ,420838,NA,NA,769147,NA,NA,0.3355000019,510360,68016,119,11781,1327,634,3318,40.63000107,159.7599945,NA,227,98,688,NA,NA,NA,NA,6,NA,55,33038,301
105,330025,"Close, converted down to end ER",1,14108,1,2016,25,STAC,2010,2010,2016,2009,330025,1/1/2009,1-Jan-09,1/31/2009,31-Jan-09,Settled,INTER-COMMUNITY MEMORIAL HOSPITAL       ,2600 WILLIAM STREET                     ,,NEWFANE                                 ,NY                                      ,14108,NIAGARA                                 ,NA,NA,NA,NA,NA,NA,NA,NA,NA,51,1581,515,NA,961,NA,237.6000061,NA,66,18,171,NA,NA,NA,NA,NA,NA,NA,33083,299
106,330029,Close,0,14203,1,2012,29,STAC,2012,2011,2012,2010,330029,1/1/2010,1-Jan-10,12/31/2010,31-Dec-10,Settled,SHEEHAN MEMORIAL HOSPITAL               ,425 MICHIGAN AVENUE                     ,,BUFFALO                                 ,NY                                      ,14203,ERIE                                    ,NA,NA,NA,49609,NA,NA,NA,NA,NA,50,18250,1291,NA,11057,NA,126.3399963,NA,112,608,1391,NA,NA,NA,NA,NA,NA,NA,33015,299
107,330036,"Close, merged",1,10522,1,2006,36,STAC,2010,2010,2006,2009,330036,1/1/2009,1-Jan-09,3/31/2009,31-Mar-09,Settled,COMMUNITY HOSPITAL AT DOBBS FERRY       ,128 ASHFORD AVENUE                      ,,DOBBS FERRY                             ,NY                                      ,10522,WESTCHESTER                             ,NA,NA,NA,NA,NA,NA,NA,NA,NA,50,4500,1458,NA,2193,NA,171.5,NA,239,2,453,NA,NA,NA,NA,NA,NA,NA,33032,308
108,330037,Close,0,14420,1,2013,37,STAC,2014,2014,2013,2013,330037,1/1/2013,1-Jan-13,7/14/2013,14-Jul-13,Settled,LAKESIDE MEMORIAL HOSPITAL              ,156 WEST AVE                            ,,BROCKPORT                               ,NY                                      ,14420,MONROE                                  ,NA,NA,NA,NA,NA,NA,NA,NA,NA,61,11895,478,48,2325,NA,147.1999969,NA,117,5,457,NA,NA,NA,NA,NA,NA,NA,33011,304
109,330041,Close,0,11375,1,2008,41,STAC,2009,2009,2008,2008,330041,1/1/2008,1-Jan-08,12/31/2008,31-Dec-08,Settled,PARKWAY HOSPITAL                        ,70-35 113TH STREET                      ,,FOREST HILLS                            ,NY                                      ,11375,QUEENS                                  ,NA,NA,NA,1918482,NA,NA,NA,NA,NA,251,91866,12143,NA,23011,NA,447,NA,1613,106,3975,NA,NA,NA,NA,NA,NA,NA,33039,301
110,330066,Close,0,12304,1,2014,66,STAC,2009,2009,2014,2008,330066,1/1/2008,1-Jan-08,6/15/2008,15-Jun-08,Reopened,ST CLARE S HOSPITAL                     ,600 MCCLELLAN STREET                    ,,SCHENECTADY                             ,NY                                      ,12304,SCHENECTADY                             ,NA,427403,NA,476556,NA,NA,NA,514396,129387,161,26887,5918,NA,12702,NA,761.7000122,NA,810,171,2149,NA,NA,NA,NA,NA,NA,NA,33113,295
111,330075,Close,0,13069,1,2009,75,STAC,2010,2010,2009,2009,330075,1/1/2009,1-Jan-09,4/26/2009,26-Apr-09,Settled,A. L. LEE MEMORIAL HOSPITAL             ,510 SOUTH 4TH STREET                    ,,FULTON                                  ,NY                                      ,13069,OSWEGO                                  ,NA,NA,NA,26603,NA,NA,NA,NA,NA,67,7772,1167,NA,1782,NA,252,NA,193,8,329,NA,NA,NA,NA,NA,NA,NA,33040,307
112,330133,Close,0,10003,1,2008,133,STAC,2009,2009,2008,2008,330133,1/1/2008,1-Jan-08,6/16/2008,16-Jun-08,As Submitted,CABRINI MEDICAL CENTER                  ,227 EAST 19TH STREET                    ,,NEW YORK                                ,NY                                      ,10003,KINGS                                   ,NA,465079,NA,599520,NA,NA,NA,431325,291064,159,26553,1879,NA,3198,NA,375.0100098,NA,202,37,388,NA,NA,NA,NA,NA,NA,NA,33080,303
113,330152,Close,0,11201,1,2014,152,STAC,2012,2012,2014,2011,330152,1/1/2011,1-Jan-11,5/28/2011,28-May-11,Settled,LONG ISLAND COLLEGE HOSPITAL            ,339 HICKS ST                            ,,BROOKLYN                                ,NY                                      ,11201,KINGS                                   ,5921022,NA,NA,3308968,NA,NA,0.2739000022,3641356,734390,317,46916,8233,3700,30463,211.2100067,893.7999878,NA,1294,619,6603,NA,NA,NA,182,3,398,106,33014,303
114,330225,"Close, due to hurricane",0,11561,1,2012,225,STAC,2013,2013,2012,2013,330225,1/1/2013,1-Jan-13,1/31/2014,31-Jan-14,Settled,LONG BEACH MEDICAL CENTER               ,455 EAST BAY DRIVE                      ,,LONG BEACH                              ,NY                                      ,11561,NASSAU                                  ,NA,NA,NA,NA,NA,NA,NA,NA,NA,NA,NA,NA,NA,NA,NA,225.6000061,NA,NA,NA,NA,NA,NA,NA,NA,NA,NA,NA,33066,303
115,330230,Close,0,10001,1,2010,230,STAC,2008,2008,2010,2007,330230,1/1/2007,1-Jan-07,12/21/2007,21-Dec-07,Settled,ST. VINCENT S MIDTOWN HOSPITAL          ,450 WEST 33RD STREET  12TH FLOOR        ,,NEW YORK                                ,NY                                      ,10001,NEW YORK                                ,NA,258897,NA,2388526,NA,NA,NA,197192,52207,107,39055,2864,NA,14386,NA,547.7999878,NA,668,2147,4118,NA,NA,NA,NA,NA,NA,NA,33080,303
116,330242,Close,0,11228,1,2007,242,STAC,2009,2009,2007,2008,330242,1/1/2008,1-Jan-08,6/4/2008,4-Jun-08,Settled,VICTORY MEMORIAL HOSPITAL               ,699 92ND STREET                         ,,BROOKLYN                                ,NY                                      ,11228-3625                              ,KINGS                                   ,NA,NA,NA,788936,NA,NA,NA,NA,NA,196,71736,4182,NA,7297,NA,324.4200134,NA,530,58,1035,NA,NA,NA,NA,NA,NA,NA,33014,303
117,330290,Close,0,10011,1,2010,290,STAC,2011,2011,2010,2010,330290,1/1/2010,1-Jan-10,11/15/2010,15-Nov-10,Settled,SAINT VINCENT CATHOLIC MEDICAL CENTE    ,153 WEST 11 STREET                      ,,NEW YORK                                ,NY                                      ,10011,NEW YORK                                ,NA,6496622,NA,4369895,NA,NA,NA,6733987,2844792,394,52230,10707,NA,36108,NA,2457.399902,NA,1310,642,3824,NA,NA,NA,NA,NA,NA,NA,33080,303
118,330316,"Close, reduction of service",1,10461,1,2013,316,STAC,2014,2014,2013,2013,330316,1/1/2013,1-Jan-13,3/21/2013,21-Mar-13,As Submitted,NEW YORK WESTCHESTER SQUARE M C         ,2475 ST. RAYMOND AVENUE                 ,,BRONX                                   ,NY                                      ,10461,BRONX                                   ,NA,NA,NA,336542,NA,NA,0.1372999996,NA,NA,140,11200,2214,239,4460,NA,84.59999847,NA,258,37,642,NA,NA,NA,NA,NA,NA,NA,33012,297
119,330357,Close,0,11237,1,2009,357,STAC,2010,2010,2009,2009,330357,1/1/2009,1-Jan-09,3/6/2009,6-Mar-09,Settled,CARITAS HEALTH CARE INC                 ,374 STOCKHOLM STREET                    ,,BROOKLYN                                ,NY                                      ,11237,KINGS                                   ,NA,2035869,NA,1977496,NA,NA,NA,2010928,209536,296,17464,4766,NA,13440,NA,2162.899902,NA,658,220,2278,NA,NA,NA,NA,NA,NA,NA,33014,303
120,330390,Close,0,10035,1,2010,390,STAC,2011,2011,2010,2010,330390,1/1/2010,1-Jan-10,7/9/2010,9-Jul-10,Settled,NORTH GENERAL HOSPITAL                  ,1879 MADISON AVENUE                     ,,NEW YORK                                ,NY                                      ,10035,NEW YORK                                ,NA,1197036,NA,3003852,NA,NA,NA,987551,144499,113,21470,3690,NA,12381,NA,733.0999756,NA,593,1091,2981,NA,NA,NA,NA,NA,NA,NA,33080,303
121,340055,"Close, reduction of service",1,28690,1,NA,55,STAC,2013,2013,2013,2012,340055,1/1/2012,1-Jan-12,11/30/2012,30-Nov-12,Settled,VALDESE GENERAL HOSPITAL                ,720 MALCOLM BLVD                        ,,VALDESE                                 ,NC                                      ,28690,BURKE                                   ,NA,NA,NA,203803,NA,NA,0.03139999881,NA,NA,131,43885,4111,763,7408,NA,359.6900024,NA,987,213,1906,NA,NA,NA,NA,NA,NA,NA,34092,315
122,360038,Close,0,45219,1,2011,38,STAC,2011,2011,2011,2010,360038,1/1/2010,1-Jan-10,12/31/2010,31-Dec-10,Settled,DEACONESS HOSPITAL                      ,311 STRAIGHT STREET                     ,,CINCINNATI                              ,OH                                      ,45219,HAMILTON                                ,NA,NA,NA,NA,NA,NA,NA,NA,NA,20,7300,370,NA,1334,NA,113.3099976,NA,92,11,210,NA,NA,NA,NA,NA,NA,NA,36023,327
123,360101,Probably closed,0,44112,1,2011,101,STAC,2012,2012,2011,2011,360101,1/1/2011,1-Jan-11,10/3/2011,3-Oct-11,Settled,HURON HOSPITAL                          ,13951 TERRACE ROAD                      ,,EAST CLEVELAND                          ,OH                                      ,44112-                                  ,CUYAHOGA                                ,1261220,NA,NA,2356675,NA,NA,0.3785000145,980110,344156,108,34626,5118,2339,14821,33.45000076,604,NA,1055,1597,3912,NA,NA,NA,257,NA,486,NA,36025,328
124,360113,Closed,0,45238,1,2013,113,STAC,2014,2014,2013,2013,360113,1/1/2013,1-Jan-13,11/9/2013,9-Nov-13,Settled,MERCY FRANCISCAN WESTERN HILLS          ,3131 QUEEN CITY AVE                     ,,CINCINNATI                              ,OH                                      ,45238,HAMILTON                                ,NA,NA,NA,449671,NA,NA,0.04679999873,NA,NA,146,45698,6557,506,15782,NA,428.5700073,NA,1471,130,4028,NA,NA,NA,NA,2,NA,183,36023,327
125,360187,Close,0,45501,1,2011,187,STAC,2008,2008,2011,2007,360187,1/1/2007,1-Jan-07,12/31/2007,31-Dec-07,Settled,COMMUNITY HOSPITAL                      ,2615 EAST HIGH STREET                   ,,SPRINGFIELD                             ,OH                                      ,45501,CLARK                                   ,NA,NA,NA,2947038,NA,NA,NA,NA,NA,160,58400,17960,NA,44242,NA,909.2800293,NA,3390,2126,11137,NA,NA,NA,NA,NA,NA,NA,36099,330
126,360347,"Close, merged and service reduction to outpatient",1,43055,1,2012,347,STAC,2013,2013,2012,2012,360347,1/1/2012,1-Jan-12,12/31/2012,31-Dec-12,Settled,MEDICAL CENTER OF NEWARK                ,1945 TAMARACK ROAD                      ,,NEWARK                                  ,OH                                      ,43055-                                  ,LICKING                                 ,NA,NA,NA,NA,NA,NA,NA,NA,NA,20,7260,732,13,1228,NA,122.9700012,NA,225,4,374,NA,NA,NA,NA,NA,NA,NA,36080,329
127,360356,Close,0,43420,1,2012,356,STAC,2013,2013,2012,2012,360356,1/1/2012,1-Jan-12,3/14/2012,14-Mar-12,Settled,PHYSICIANS CHOICE HOSPITAL              ,2390 ENTERPRISE ST                      ,,FREMONT                                 ,OH                                      ,43420-8507                              ,SANDUSKY                                ,NA,NA,NA,2807,NA,NA,0.1199999973,NA,NA,8,74,9,17,58,NA,43.25,NA,4,6,24,NA,NA,NA,NA,NA,NA,NA,36042,334
128,370051,NA,0,73542,1,2015,51,STAC,NA,2016,2015,2016,370051,10/1/2015,1-Oct-15,3/31/2016,31-Mar-16,As Submitted,TILLMAN MEMORIAL HOSPITAL               ,319 EAST JOSEPHINE                      ,,FREDERICK                               ,OK                                      ,73542-                                  ,TILLMAN                                 ,NA,NA,NA,7290,NA,NA,0.08869999647,NA,NA,37,6771,466,54,562,NA,75.73999786,NA,68,18,125,NA,NA,NA,NA,NA,NA,NA,37036,336
129,370169,NA,0,74432,1,2016,169,STAC,NA,2016,2016,2016,370169,1/1/2016,1-Jan-16,5/24/2016,24-May-16,Settled,EPIC MEDICAL CENTER                     ,ONE HOSPITAL DRIVE                      ,,EUFAULA                                 ,OK                                      ,74432-0629                              ,MCINTOSH                                ,NA,NA,NA,NA,NA,NA,0.08110000193,NA,NA,33,4785,45,11,64,NA,17.13999939,NA,14,3,21,NA,NA,NA,NA,NA,NA,NA,37033,340
130,390010,"Close, merged/converted to outpatient center",1,15644,1,2008,10,STAC,2009,2009,2008,2008,390010,1/1/2008,1-Jan-08,4/30/2008,30-Apr-08,Settled,MERCY JEANNETTE  HOSPITAL               ,600 JEFFERSON AVENUE                    ,,JEANNETTE                               ,PA                                      ,15644,WESTMORELAND                            ,NA,NA,NA,NA,NA,NA,NA,NA,NA,108,13068,2892,NA,7737,NA,388.8699951,NA,529,177,1727,NA,NA,NA,NA,NA,NA,NA,39057,357
131,390023,Close,0,19134,1,2009,23,STAC,2010,2009,2009,2008,390023,7/1/2008,1-Jul-08,6/28/2009,28-Jun-09,Settled w/Audit,TEMPLE EAST HOSPITAL                    ,2301 E. ALLEGHENY AVENUE                ,,PHILADELPHA                             ,PA                                      ,19134,PHILADELPHIA                            ,NA,497466,NA,3119280,NA,NA,NA,205711,49970,160,58450,7201,NA,40634,NA,682.3499756,NA,1280,485,9909,NA,NA,NA,NA,NA,NA,NA,39095,356
132,390095,Close,0,18407,1,2012,95,STAC,2013,2012,2012,2011,390095,7/1/2011,1-Jul-11,2/29/2012,29-Feb-12,Settled,MARIAN COMMUNITY HOSPITAL               ,100 LINCOLN AVE                         ,,CARBONDALE                              ,PA                                      ,18407,LACKAWANNA                              ,NA,NA,NA,70793,NA,NA,0.03379999846,NA,NA,56,13664,1621,236,2601,NA,212.25,NA,380,65,636,NA,NA,NA,77,NA,171,NA,39020,360
133,390108,Close due to merger,1,19404,1,2012,108,STAC,2013,2013,2012,2012,390108,7/1/2012,1-Jul-12,9/29/2012,29-Sep-12,Settled,MONTGOMERY HOSPITAL                     ,1301 POWELL ST                          ,992,NORRISTOWN                              ,PA                                      ,19404-0992                              ,MONTGOMERY                              ,202163,NA,NA,440565,NA,NA,0.1504999995,130356,45880,154,13932,1938,680,5845,2.650000095,642.7000122,NA,418,497,1714,NA,NA,NA,7,NA,17,NA,39090,356
134,390128,Close,0,15104,1,2010,128,STAC,2011,2010,2010,2009,390128,7/1/2009,1-Jul-09,1/31/2010,31-Jan-10,Settled,UPMC BRADDOCK                           ,400 HOLLAND AVE                         ,,BRADDOCK                                ,PA                                      ,15104,ALLEGHENY                               ,NA,NA,NA,311754,NA,NA,NA,NA,NA,116,24940,2712,NA,10063,NA,455.9299927,NA,485,39,2086,NA,NA,NA,NA,NA,NA,NA,39010,357
135,390131,"Close, Merged/converted to outpatient center",1,15213,1,2009,131,STAC,2010,2009,2009,2008,390131,7/1/2008,1-Jul-08,6/30/2009,30-Jun-09,Settled,UPMC SOUTH SIDE                         ,200 LOTHROP STREET                      ,,PITTSBURGH                              ,PA                                      ,15213,ALLEGHENY                               ,NA,485383,NA,163333,NA,NA,NA,814339,127390,89,21239,2845,NA,10571,NA,420.7900085,NA,525,25,2256,NA,NA,NA,NA,NA,NA,NA,39098,357
136,390169,Close,0,18765,1,2009,169,STAC,2010,2009,2009,2008,390169,7/1/2008,1-Jul-08,7/10/2009,10-Jul-09,Reopened,GEISINGER SOUTH WILKES-ARRE             ,25 CHURCH STREET                        ,,WILKES-BARRE                            ,PA                                      ,18765,LUZERNE                                 ,NA,NA,NA,295928,NA,NA,NA,25767,26002,28,10645,4133,NA,6933,NA,436.3999939,NA,989,196,1849,NA,NA,NA,NA,NA,NA,NA,39137,362
137,390285,"Close, converted",1,19146,1,2007,285,STAC,2008,2008,2007,2007,390285,1/1/2007,1-Jan-07,3/30/2007,30-Mar-07,Reopened,GRADUATE HOSPITAL                       ,1800 LOMBARD STREET                     ,,PHILADELPHIA                            ,PA                                      ,19146,PHILADELPHIA                            ,NA,583968,NA,291105,NA,NA,NA,888888,193282,169,15041,1260,NA,3652,NA,465,NA,155,42,612,NA,NA,NA,NA,NA,NA,NA,39095,356
138,390286,Close,0,18974,1,2007,286,STAC,2008,2008,2007,2007,390286,1/1/2007,1-Jan-07,6/30/2007,30-Jun-07,Settled,WARMINSTER HOSPITAL                     ,225 NEWTON ROAD                         ,,WARMINSTER                              ,PA                                      ,18974-                                  ,BUCKS                                   ,NA,242558,NA,NA,NA,NA,NA,132684,24147,104,18824,2432,NA,6170,NA,310.2399902,NA,483,42,1449,NA,NA,NA,NA,NA,NA,NA,39129,356
139,390313,"Close, currently a nursing home",1,17921,1,2012,313,STAC,2013,2013,2012,2012,390313,1/1/2012,1-Jan-12,4/19/2012,19-Apr-12,Settled,SAINT CATHERINE MEDICAL CENTER          ,101 BROAD STREET                        ,,ASHLAND                                 ,PA                                      ,17921-2198                              ,SCHUYLKILL                              ,NA,NA,NA,NA,NA,NA,NA,NA,NA,53,5830,503,44,675,NA,36.79000092,NA,126,17,176,NA,NA,NA,NA,NA,47,NA,39005,358
140,420016,NA,0,29812,1,2016,16,STAC,NA,2016,2016,2015,420016,1/1/2015,1-Jan-15,12/31/2015,31-Dec-15,As Submitted,SOUTHERN PALMETTO HOSPITAL              ,811 REYNOLDS ROAD                       ,,BARNWELL                                ,SC                                      ,29812,BARNWELL                                ,NA,NA,NA,12177,NA,NA,0.09799999744,NA,NA,10,3650,824,46,1270,NA,121.0299988,NA,120,14,300,NA,NA,NA,NA,NA,NA,NA,42005,366
141,420054,Close,0,29512,1,2015,54,STAC,NA,2014,2015,2013,420054,5/1/2013,1-May-13,4/30/2014,30-Apr-14,Settled,MARLBORO PARK HOSPITAL                  ,ROUTE 4  HIGHWAY 9                      ,738,BENNETTSVILLE                           ,SC                                      ,29512,MARLBORO                                ,NA,NA,NA,84058,NA,NA,0.06750000268,NA,NA,94,34310,1361,1,3354,NA,128.4600067,NA,385,286,1035,NA,NA,NA,13,NA,128,NA,42007,367
142,420056,"Close, reduction to urgent care",1,29003,1,2012,56,STAC,2012,2013,2012,2012,420056,10/1/2011,1-Oct-11,4/30/2012,30-Apr-12,Settled,BAMBERG COUNTY MEMORIAL HOSPITAL        ,600 NORTH STREET                        ,,BAMBERG                                 ,SC                                      ,29003-0507                              ,BAMBERG                                 ,NA,NA,NA,2322,NA,NA,0.1199999973,NA,NA,59,12567,14,15,38,NA,102.0400009,NA,5,2,12,NA,NA,NA,NA,NA,NA,NA,42004,366
143,430060,Close,0,57450,1,2010,60,STAC,2011,2011,2010,2010,430060,1/1/2010,1-Jan-10,10/31/2010,31-Oct-10,Settled,HOLY INFANT HOSPITAL                    ,512 MAIN STREET                         ,158,HOVEN                                   ,SD                                      ,57450,POTTER                                  ,NA,NA,NA,NA,NA,NA,NA,NA,NA,25,7600,20,NA,2907,NA,18.73999977,NA,9,NA,14,NA,NA,NA,NA,NA,NA,NA,43023,321
144,440019,Close,0,37920,1,2008,19,STAC,2009,2009,2008,2008,440019,7/1/2008,1-Jul-08,7/31/2008,31-Jul-08,Settled,BAPTIST HOSPITAL OF EAST TENNESSEE      ,137 BLOUNT AVENUE                       ,,KNOXVILLE                               ,TN                                      ,37920-                                  ,KNOX                                    ,NA,NA,NA,NA,NA,NA,NA,NA,NA,188,5828,190,NA,252,NA,252,NA,15,1,25,NA,NA,NA,NA,NA,NA,NA,44043,377
145,440041,NA,0,37317,1,2017,41,STAC,2006,2007,2017,2006,440041,10/1/2005,1-Oct-05,12/31/2005,31-Dec-05,Reopened,COPPER BASIN MEDICAL CENTER  INC.       ,HIGHWAY 61                              ,990,COPPERHILL                              ,TN                                      ,37317,POLK                                    ,NA,NA,NA,54174,NA,NA,NA,NA,NA,40,3680,729,NA,929,NA,104.7799988,NA,149,22,207,NA,NA,NA,NA,NA,NA,NA,44014,373
146,440047,"Closed, merged and outpatient facility",1,38382,1,2014,47,STAC,2014,2014,2014,2013,440047,7/1/2013,1-Jul-13,1/16/2014,16-Jan-14,Settled,GIBSON GENERAL HOSPITAL                 ,200 HOSPITAL DRIVE                      ,,TRENTON                                 ,TN                                      ,38382-                                  ,GIBSON                                  ,NA,NA,NA,12416,NA,NA,0.08349999785,NA,NA,41,8200,187,20,221,NA,42.56999969,NA,45,5,53,NA,NA,NA,NA,NA,NA,NA,44037,374
147,440051,NA,0,38375,1,2016,51,STAC,NA,2016,2016,2016,440051,2/1/2016,1-Feb-16,5/17/2016,17-May-16,Settled,MCNAIRY REGIONAL HOSPITAL               ,705 EAST POPLAR AVENUE                  ,,SELMER                                  ,TN                                      ,38375-3266                              ,MCNAIRY                                 ,NA,NA,NA,4068,NA,NA,0.2707999945,NA,NA,28,2996,43,34,93,NA,83.55999756,NA,17,10,33,NA,NA,NA,NA,NA,NA,NA,44076,379
148,440052,Close,0,37841,1,2012,52,STAC,2010,2010,2012,2009,440052,1/1/2009,1-Jan-09,4/30/2009,30-Apr-09,Settled,ST MARY S MEDICAL CNTR OF SCOTT CTY     ,18797 ALBERTA STREET                    ,,ONEIDA                                  ,TN                                      ,37841-2127                              ,SCOTT                                   ,NA,NA,NA,184513,NA,NA,NA,NA,NA,44,5280,1261,NA,2278,NA,191.0500031,NA,330,208,632,NA,NA,NA,NA,NA,NA,NA,44066,377
149,440054,"Close, service reduction to snf",1,37331,1,NA,54,STAC,2014,2014,2014,2013,440054,7/1/2013,1-Jul-13,11/30/2013,30-Nov-13,Reopened,DOCTORS HOSPITAL OF MCMINN COUNTY       ,886 HIGHWAY 411 NORTH                   ,,ETOWAH                                  ,TN                                      ,37331,MCMINN                                  ,NA,NA,NA,NA,NA,NA,NA,NA,NA,62,9486,761,54,1293,NA,163.9900055,NA,205,22,377,NA,NA,NA,NA,NA,123,NA,44024,377
150,440115,Close service reduction ,1,38343,1,2014,115,STAC,2014,2014,2014,2013,440115,7/1/2013,1-Jul-13,1/16/2014,16-Jan-14,Amended,HUMBOLDT GENERAL HOSPITAL               ,3525 CHERE CAROL                        ,ROAD                                    ,HUMBOLDT                                ,TN                                      ,38343-                                  ,GIBSON                                  ,NA,NA,NA,NA,NA,NA,NA,NA,NA,42,8400,324,4,367,NA,48.18000031,NA,64,2,68,NA,NA,NA,NA,NA,NA,NA,44037,374
151,440174,Close,0,38012,1,2014,174,STAC,2014,2015,2014,2014,440174,10/1/2013,1-Oct-13,7/31/2014,31-Jul-14,Settled,HAYWOOD PARK COMMUNITY HOSPITAL         ,2545 NORTH WASHINGTON ST                ,,BROWNSVILLE                             ,TN                                      ,38012,HAYWOOD                                 ,NA,NA,NA,4209,NA,NA,0.06979999691,NA,NA,36,10944,172,23,247,NA,43.66999817,NA,56,8,86,NA,NA,NA,NA,NA,NA,NA,44004,379
152,440203,NA,0,37355,1,2015,203,STAC,2006,2005,2015,2004,440203,1/1/2004,1-Jan-04,12/8/2004,8-Dec-04,Settled,MEDICAL CENTER OF MANCHESTER            ,481 INTERSTATE DRIVE                    ,,MANCHESTER                              ,TN                                      ,37355,COFFEE                                  ,NA,NA,NA,283969,NA,NA,NA,NA,NA,49,16807,3035,NA,4466,NA,133.8999939,NA,743,326,1197,NA,NA,NA,NA,NA,NA,NA,44054,380
153,450005,"Close, reduction of service",1,77630,1,2015,5,STAC,NA,2015,2015,2014,450005,9/1/2014,1-Sep-14,6/1/2015,1-Jun-15,Settled,BAPTIST ORANGE HOSPITAL                 ,608 STRICKLAND DRIVE                    ,,ORANGE                                  ,TX                                      ,77630-                                  ,ORANGE                                  ,NA,NA,NA,17034,NA,NA,0.06279999763,NA,NA,40,10960,845,10,1864,NA,130.0800018,NA,205,4,506,NA,NA,NA,NA,NA,NA,NA,45200,386
154,450123,Close,0,77619,1,2012,123,STAC,2012,2012,2012,2011,450123,1/1/2011,1-Jan-11,12/31/2011,31-Dec-11,Settled,RENAISSANCE HOSPITAL GROVES             ,39TH STREET                             ,,GROVES                                  ,TX                                      ,77619,JEFFERSON                               ,NA,NA,NA,NA,NA,NA,NA,NA,NA,91,33215,2114,118,4015,NA,151.3699951,NA,445,25,771,NA,NA,NA,NA,NA,NA,NA,45212,386
155,450126,Close,0,77015,1,2017,126,STAC,2009,2009,2017,2008,450126,3/1/2008,1-Mar-08,8/29/2008,29-Aug-08,Reopened,EAST HOUSTON MEDICAL CENTER             ,13111 EAST FREEWAY                      ,,HOUSTON                                 ,TX                                      ,77015,HARRIS                                  ,NA,NA,NA,1475072,NA,NA,NA,NA,NA,120,21720,4012,NA,15500,NA,536.3599854,NA,888,248,4547,NA,NA,NA,NA,NA,NA,NA,45131,397
156,450188,Close,0,75426,1,2015,188,STAC,2014,2015,2015,2014,450188,4/1/2014,1-Apr-14,12/23/2014,23-Dec-14,Settled,ETMC CLARKSVILLE                        ,HWY 82 WEST 3000                        ,,CLARKSVILLE                             ,TX                                      ,75426-                                  ,RED RIVER                               ,NA,NA,NA,12009,NA,NA,0.04610000178,NA,NA,43,11481,1053,24,1362,NA,43.38999939,NA,270,5,367,NA,NA,NA,NA,NA,NA,NA,45051,391
157,450214,"Close, later becomes a nursing home",1,77488,1,2016,214,STAC,NA,2015,2016,2014,450214,1/1/2014,1-Jan-14,12/31/2014,31-Dec-14,Settled,GULF COAST MEDICAL CENTER               ,10141 US 59 ROAD                        ,,WHARTON                                 ,TX                                      ,77488-                                  ,WHARTON                                 ,NA,NA,NA,61357,NA,NA,0.1199999973,NA,NA,95,34675,1131,539,3508,NA,107,NA,311,49,624,NA,NA,NA,NA,NA,451,NA,45273,397
158,450234,Close,0,76442,1,NA,234,STAC,2013,2013,2013,2012,450234,1/1/2012,1-Jan-12,3/31/2012,31-Mar-12,Settled,COMANCHE COUNTY MEDICAL CENTER          ,211 SOUTH AUSTIN                        ,,COMANCHE                                ,TX                                      ,76442-                                  ,COMANCHE                                ,NA,NA,NA,NA,NA,NA,NA,NA,NA,25,2275,569,NA,851,NA,129.1100006,NA,117,NA,195,NA,NA,NA,NA,NA,NA,NA,45059,382
159,450270,Close,0,76692,1,2014,270,STAC,2014,2013,2014,2012,450270,4/1/2012,1-Apr-12,3/31/2013,31-Mar-13,Settled,LAKE WHITNEY MEDICAL CENTER             ,.01 N. JACINTO                          ,458,WHITNEY                                 ,TX                                      ,76692,HILL                                    ,NA,NA,NA,104075,NA,NA,0.04030000046,NA,NA,49,17885,2102,168,2480,NA,67.26000214,NA,525,75,800,NA,NA,NA,NA,NA,NA,NA,45275,418
160,450283,Close,0,75140,1,2013,283,STAC,2014,2013,2013,2012,450283,11/1/2011,1-Nov-11,10/31/2012,31-Oct-12,Settled,COZBY-GERMANY HOSPITAL                  ,707 NORTH WALDRIP                       ,,GRAND SALINE                            ,TX                                      ,75140-                                  ,VAN ZANDT                               ,NA,NA,NA,116841,NA,NA,0.1199999973,NA,NA,24,8784,586,6,1134,NA,34.04999924,NA,208,2,518,NA,NA,NA,NA,NA,NA,NA,45260,416
161,450315,"Close, became psych and nursing home",1,75042,1,NA,315,STAC,2012,2011,2012,2010,450315,9/1/2010,1-Sep-10,9/30/2011,30-Sep-11,Settled,VISTA HOSPITAL OF DALLAS                ,2696 W. WALNUT                          ,,GARLAND                                 ,TX                                      ,75042-                                  ,DALLAS                                  ,NA,NA,NA,25271,NA,NA,0.1199999973,NA,NA,30,11850,77,NA,110,NA,36.45999908,NA,30,NA,46,NA,NA,NA,NA,NA,NA,NA,45100,391
162,450373,"Close, reduction to outpatient",1,75457,1,2014,373,STAC,2014,2015,2014,2014,450373,12/1/2013,1-Dec-13,12/29/2014,29-Dec-14,Settled,ETMC MOUNT VERNON                       ,HIGHWAY 37 SOUTH                        ,477,MT VERNON                               ,TX                                      ,75457-                                  ,FRANKLIN                                ,NA,NA,NA,NA,NA,NA,NA,NA,NA,30,11820,1117,31,1839,NA,48,NA,299,11,530,NA,NA,NA,NA,NA,NA,NA,45188,416
163,450378,Close,0,77027,1,2008,378,STAC,2009,2008,2008,2007,450378,10/1/2006,1-Oct-06,9/30/2007,30-Sep-07,As Submitted,TWELVE OAKS HOSPITAL                    ,4200 TWELVE OAKS DR                     ,,HOUSTON                                 ,TX                                      ,77027,HARRIS                                  ,NA,NA,NA,6441651,NA,NA,NA,NA,NA,233,85045,12011,NA,42540,NA,631.9699707,NA,1943,220,9417,NA,NA,NA,NA,NA,NA,NA,45131,397
164,450438,Close,0,78962,1,2012,438,STAC,2013,2013,2012,2012,450438,1/1/2012,1-Jan-12,8/24/2012,24-Aug-12,Settled,COLORADO-FAYETTE MEDICAL CENTER         ,400 YOUENS DRIVE                        ,,WEIMAR                                  ,TX                                      ,78962,COLORADO                                ,NA,NA,NA,NA,NA,NA,NA,NA,NA,38,9006,1664,72,2176,NA,93.72000122,NA,341,20,487,NA,NA,NA,NA,NA,NA,NA,45269,397
165,450497,"Close, but reopen in 2017",1,76230,1,2015,497,STAC,NA,2015,2015,2014,450497,7/1/2014,1-Jul-14,6/30/2015,30-Jun-15,Settled,BOWIE MEMORIAL HOSPITAL                 ,1000 LAMB STREET                        ,,BOWIE                                   ,TX                                      ,76230-                                  ,MONTAGUE                                ,NA,NA,NA,NA,NA,NA,NA,NA,NA,37,13505,2562,26,3328,NA,106.7099991,NA,323,7,477,NA,NA,NA,NA,NA,NA,NA,45028,420
166,450605,NA,0,78336,1,2016,605,STAC,NA,NA,2016,2017,450605,1/1/2017,1-Jan-17,12/31/2017,31-Dec-17,As Submitted,CARE REGIONAL MEDICAL CENTER            ,141 W WHEELER                           ,,ARANSAS PASS                            ,TX                                      ,78336-                                  ,SAN PATRICIO                            ,NA,NA,NA,27628,NA,NA,0.07500000298,NA,NA,63,22995,1169,NA,2733,NA,138.6399994,NA,226,NA,553,47,8,NA,NA,NA,85,NA,45011,390
167,450683,Close,0,75160,1,2013,683,STAC,2014,2012,2013,2011,450683,1/1/2011,1-Jan-11,12/31/2011,31-Dec-11,As Submitted,RENAISSANCE HOSPITAL TERRELL            ,1551 HWY 34 SOUTH                       ,,TERRELL                                 ,TX                                      ,75160,KAUFMAN                                 ,NA,NA,NA,498261,NA,NA,0.202000007,NA,NA,106,38690,1692,181,3722,NA,86.72000122,NA,458,74,1240,NA,NA,NA,NA,NA,NA,NA,45252,391
168,450749,NA,0,75862,1,2017,749,STAC,NA,NA,2017,2017,450749,3/1/2017,1-Mar-17,7/31/2017,31-Jul-17,As Submitted,ETMC TRINITY                            ,900 PROSPECT DRIVE                      ,471,TRINITY                                 ,TX                                      ,75862-                                  ,TRINITY                                 ,NA,NA,NA,NA,NA,NA,NA,NA,NA,45,6930,12,NA,24,NA,16,NA,5,NA,10,NA,NA,NA,NA,NA,NA,NA,45258,397
169,450760,Close,0,79902,1,2007,760,STAC,2008,2008,2007,2007,450760,1/1/2007,1-Jan-07,8/18/2007,18-Aug-07,Reopened,SOUTHWESTERN GENERAL HOSPITAL           ,1221 NORTH COTTON STREET                ,,EL PASO                                 ,TX                                      ,79902,EL PASO                                 ,NA,NA,NA,272951,NA,NA,NA,NA,NA,102,23460,672,NA,1834,NA,69.55999756,NA,182,54,580,NA,NA,NA,NA,NA,NA,NA,45086,393
170,450770,Close,0,76520,1,2013,770,STAC,2014,2013,2013,2012,450770,1/1/2012,1-Jan-12,12/31/2012,31-Dec-12,Settled,CAMERON HOSPITAL  INC. DBA CEN TEX H    ,806 N. CROCKETT                         ,947,CAMERON                                 ,TX                                      ,76520,MILAM                                   ,NA,NA,NA,192147,NA,NA,0.1199999973,NA,NA,34,12410,1535,493,2537,NA,69.23000336,NA,347,192,722,NA,NA,NA,NA,NA,NA,NA,45040,413
171,450795,Close,0,77093,1,2014,795,STAC,2014,2014,2014,2013,450795,1/1/2013,1-Jan-13,12/31/2013,31-Dec-13,Settled,ST ANTHONYS HOSPITAL                    ,2807 LITTLE YORK ROAD                   ,,HOUSTON                                 ,TX                                      ,77093,HARRIS                                  ,NA,NA,NA,258498,NA,NA,0.1199999973,NA,NA,39,14235,1189,107,3959,NA,123.9199982,NA,282,27,990,NA,NA,NA,NA,NA,NA,NA,45131,397
172,450813,Close,0,78017,1,2013,813,STAC,2014,2012,2013,2011,450813,1/1/2011,1-Jan-11,12/31/2011,31-Dec-11,Settled,COMMUNITY GENERAL HOSPITAL OF DILLEY    ,230 WEST MILLER                         ,,DILLEY                                  ,TX                                      ,78017,FRIO                                    ,NA,NA,NA,115040,NA,NA,0.1199999973,NA,NA,18,6570,592,68,1497,NA,43.95999908,NA,219,25,675,NA,NA,NA,NA,NA,NA,NA,45229,412
173,450832,"Close, merged and service reduction to LTC",1,77450,1,2013,832,STAC,2014,2015,2013,2014,450832,2/1/2014,1-Feb-14,7/31/2014,31-Jul-14,Settled,HOUSTON METHODIST ST. CATHERINE         ,701 SOUTH FRY ROAD                      ,,KATY                                    ,TX                                      ,77450,HARRIS                                  ,NA,NA,NA,2234,NA,NA,0.02740000002,NA,NA,40,7240,669,26,1089,NA,43.09000015,NA,26,NA,35,NA,NA,NA,NA,NA,NA,NA,45131,397
174,450839,Close,0,75935,1,2013,839,STAC,2014,2012,2013,2011,450839,6/1/2011,1-Jun-11,5/31/2012,31-May-12,Reopened,SHELBY REGIONAL MEDICAL CENTER          ,602 HURST STREET                        ,,CENTER                                  ,TX                                      ,75935,SHELBY                                  ,NA,NA,NA,252443,NA,NA,0.1199999973,NA,NA,54,19764,1652,62,2647,NA,78.06999969,NA,508,24,916,NA,NA,NA,NA,NA,NA,NA,45191,397
175,450841,Close,0,78521,1,2012,841,STAC,2013,2012,2012,2011,450841,1/1/2011,1-Jan-11,12/31/2011,31-Dec-11,Settled,BROWNSVILLE SURGICAL HOSPITAL           ,4750 NORTH EXPRESSWAY                   ,,BROWNSVILLE                             ,TX                                      ,78521,CAMERON                                 ,NA,NA,NA,313225,NA,NA,0.1199999973,NA,NA,56,20440,1457,1193,4098,NA,214.4199982,NA,271,457,1037,NA,NA,NA,NA,NA,NA,NA,45034,396
176,450868,Close,0,79761,1,2007,868,STAC,2008,2008,2007,2007,450868,10/1/2006,1-Oct-06,5/31/2007,31-May-07,Settled w/Audit,ALLIANCE HOSPITAL  LTD                  ,500 NORTH ADAMS                         ,1272,ODESSA                                  ,TX                                      ,79761,ECTOR                                   ,NA,NA,NA,570271,NA,NA,NA,NA,NA,50,12150,4750,NA,6562,NA,234.4299927,NA,1369,27,1987,NA,NA,NA,NA,NA,NA,NA,45198,406
177,450884,NA,0,75644,1,2014,884,STAC,2014,2015,2014,2014,450884,7/1/2014,1-Jul-14,11/1/2014,1-Nov-14,Settled,ETMC GILMER                             ,712 NORTH WOOD                          ,,GILMER                                  ,TX                                      ,75644-                                  ,UPSHUR                                  ,NA,NA,NA,2513,NA,NA,0.02520000003,NA,NA,35,4340,272,7,451,NA,22.61000061,NA,75,1,131,NA,NA,NA,NA,NA,NA,NA,45104,416
178,490012,Close,0,24277,1,2013,12,STAC,2014,2014,2013,2013,490012,7/1/2013,1-Jul-13,9/30/2013,30-Sep-13,Settled,LEE REGIONAL MEDICAL CENTER             ,127 HEALTH CARE DRIVE                   ,,PENNINGTON GAP                          ,VA                                      ,24277-                                  ,LEE                                     ,NA,NA,NA,84061,NA,NA,0.2558999956,NA,NA,24,2208,221,134,473,NA,111,NA,63,31,133,NA,NA,NA,NA,NA,NA,NA,49041,376
179,510033,Close,0,26101,1,2014,33,STAC,2012,2012,2014,2011,510033,1/1/2011,1-Jan-11,2/28/2011,28-Feb-11,Settled,ST. JOSEPH S HOSPITAL                   ,19TH STREET & MURDOCK AVE.              ,,PARKERSBURG                             ,WV                                      ,26101,WOODTON                                 ,NA,NA,NA,139784,NA,NA,NA,NA,NA,168,9912,2475,NA,4656,NA,564.710022,NA,528,61,994,NA,NA,NA,NA,NA,NA,NA,51027,443
180,510067,"Close, service reduction",1,24701,1,2007,67,STAC,2008,2007,2007,2006,510067,7/1/2006,1-Jul-06,4/30/2007,30-Apr-07,Reopened,ST. LUKE S PRINCETON  LLC               ,1333 SOUTHVIEW DRIVE                    ,,BLUEFIELD                               ,WV                                      ,24701,MERCER                                  ,NA,NA,NA,171905,146044,NA,NA,NA,NA,79,24095,2925,NA,4272,NA,184.5800018,NA,597,146,1079,NA,NA,NA,NA,NA,NA,NA,51003,432
181,520199,"Close, may reopen",1,53226,1,2016,199,STAC,2010,2009,2016,2008,520199,1/1/2008,1-Jan-08,6/30/2008,30-Jun-08,Settled,THE WISCONSIN HEART HOSPITAL            ,10000 WEST BLUEMOUND ROAD               ,,WAUWATOSA                               ,WI                                      ,53226,MILWAUKEE                               ,NA,NA,NA,NA,NA,NA,NA,NA,NA,30,5460,2114,NA,3424,NA,206.3600006,NA,637,12,1126,NA,NA,NA,NA,NA,NA,NA,52057,451
182,670002,Close,0,75224,1,2014,2,STAC,2014,2015,2014,2014,670002,1/1/2014,1-Jan-14,12/19/2014,19-Dec-14,Settled,SOUTH HAMPTON COMM HOSPITAL             ,2929 S HAMPTON RD                       ,,DALLAS                                  ,TX                                      ,75224,DALLAS                                  ,NA,NA,NA,97113,NA,NA,0.1432999969,NA,NA,111,40515,2569,287,6094,NA,216.2799988,NA,455,39,1387,48,NA,NA,NA,NA,NA,NA,45068,391
183,670011,Close,0,78602,1,2010,11,STAC,2011,2010,2010,2009,670011,1/1/2009,1-Jan-09,6/30/2009,30-Jun-09,Settled,LAKESIDE HOSPITAL                       ,3201 HWY 71 E                           ,,BASTROP                                 ,TX                                      ,78602,BASTROP                                 ,NA,NA,NA,62477,NA,NA,NA,NA,NA,14,2534,735,NA,1390,NA,48.36000061,NA,232,12,480,NA,NA,NA,NA,NA,NA,NA,45016,385
184,670018,"Close, reopen in 2015 but probably partially",1,77328,1,2014,18,STAC,2014,2014,2014,2013,670018,1/1/2013,1-Jan-13,12/31/2013,31-Dec-13,As Submitted,DOCTORS DIAGNOSTIC HOSPITAL             ,1017 SOUTH TRAVIS                       ,,CLEVELAND                               ,TX                                      ,77328-                                  ,LIBERTY                                 ,NA,NA,NA,3590,NA,NA,0.07580000162,NA,NA,4,1460,30,3,1160,NA,47,NA,12,1,280,NA,NA,NA,NA,NA,NA,NA,45053,397
185,670052,"Close, merger and service reduction",1,76426,1,2013,52,STAC,2014,2014,2013,2013,670052,1/1/2013,1-Jan-13,3/27/2013,27-Mar-13,Settled,NORTH TEXAS COMMUNITY HOSPITAL          ,1905 DOCTORS HOSPITAL DRIVE             ,,BRIDGEPORT                              ,TX                                      ,79426,WISE                                    ,NA,NA,NA,33990,NA,NA,0.1045000032,NA,NA,36,3096,237,27,592,NA,128.3899994,NA,62,15,214,NA,NA,NA,NA,NA,NA,NA,45070,391